SampleID,SampleDate,MethodCode,StationCode,OrganismCode,ForkLength,SumOfCount,SpecialStudy,WaterTemp,DO,Turbidity,Secchi,GearConditionCode,latitude,longitude
390697,10/14/2022,MWTR,SB018N,LFS,62,1,n/a,17.8,8.12,42.2,0.37,1,38.047967,-121.909917
392302,11/18/2022,MWTR,SB018M,LFS,72,1,n/a,12.8,9.73,20.5,0.51,1,38.04598,-121.909917
392444,11/21/2022,MWTR,SB018N,LFS,92,1,FCCL,12.4,10.65,35.3,0.52,1,38.047967,-121.909917
392447,11/21/2022,MWTR,SB018N,LFS,89,1,FCCL,12.4,9.64,40,0.49,1,38.047967,-121.909917
392482,11/22/2022,MWTR,SB018M,LFS,63,1,n/a,12.5,9.3,19.4,0.81,1,38.04598,-121.909917
392483,11/22/2022,MWTR,SB018M,LFS,72,1,n/a,12.5,8.56,27.4,0.62,1,38.04598,-121.909917
392483,11/22/2022,MWTR,SB018M,LFS,95,1,FCCL,12.5,8.56,27.4,0.62,1,38.04598,-121.909917
392484,11/22/2022,MWTR,SB018M,LFS,71,1,n/a,12.8,9.49,14.5,0.62,1,38.04598,-121.909917
392564,11/23/2022,MWTR,SB018N,LFS,64,1,n/a,12.7,8.18,11.1,0.71,1,38.047967,-121.909917
392565,11/23/2022,MWTR,SB018N,LFS,60,1,n/a,12.5,9.15,12.6,0.52,1,38.047967,-121.909917
392713,11/28/2022,MWTR,SB018M,LFS,65,1,n/a,11.9,9.16,47.2,0.49,1,38.04598,-121.909917
392841,11/30/2022,MWTR,SB018M,LFS,100,1,n/a,11.4,8.72,42.1,0.41,1,38.04598,-121.909917
392849,11/30/2022,MWTR,SB018M,LFS,98,1,n/a,11.4,8.62,44.9,0.36,1,38.04598,-121.909917
392849,11/30/2022,MWTR,SB018M,LFS,103,1,n/a,11.4,8.62,44.9,0.36,1,38.04598,-121.909917
392851,11/30/2022,MWTR,SB018N,LFS,64,1,n/a,11.4,8.79,29.9,0.45,1,38.047967,-121.909917
392851,11/30/2022,MWTR,SB018N,LFS,74,1,n/a,11.4,8.79,29.9,0.45,1,38.047967,-121.909917
392851,11/30/2022,MWTR,SB018N,LFS,98,1,n/a,11.4,8.79,29.9,0.45,1,38.047967,-121.909917
392852,11/30/2022,MWTR,SB018N,LFS,65,1,n/a,11.5,8.58,47.2,0.32,1,38.047967,-121.909917
392852,11/30/2022,MWTR,SB018N,LFS,72,1,n/a,11.5,8.58,47.2,0.32,1,38.047967,-121.909917
392852,11/30/2022,MWTR,SB018N,LFS,74,1,n/a,11.5,8.58,47.2,0.32,1,38.047967,-121.909917
392852,11/30/2022,MWTR,SB018N,LFS,102,1,n/a,11.5,8.58,47.2,0.32,1,38.047967,-121.909917
392854,11/30/2022,MWTR,SB018N,LFS,102,1,n/a,11.5,8.94,49.4,0.46,1,38.047967,-121.909917
392854,11/30/2022,MWTR,SB018N,LFS,110,1,n/a,11.5,8.94,49.4,0.46,1,38.047967,-121.909917
392857,11/30/2022,MWTR,SB018S,LFS,101,1,n/a,11.7,8.77,27.2,0.56,1,38.04283,-121.909917
392859,11/30/2022,MWTR,SB018S,LFS,112,1,n/a,11.7,8.72,20.6,0.46,1,38.04283,-121.909917
392929,12/2/2022,MWTR,SB018N,LFS,59,1,n/a,10.8,9.48,36.1,0.39,1,38.047967,-121.909917
392929,12/2/2022,MWTR,SB018N,LFS,66,1,n/a,10.8,9.48,36.1,0.39,1,38.047967,-121.909917
392929,12/2/2022,MWTR,SB018N,LFS,68,2,n/a,10.8,9.48,36.1,0.39,1,38.047967,-121.909917
392929,12/2/2022,MWTR,SB018N,LFS,71,1,n/a,10.8,9.48,36.1,0.39,1,38.047967,-121.909917
392929,12/2/2022,MWTR,SB018N,LFS,72,1,n/a,10.8,9.48,36.1,0.39,1,38.047967,-121.909917
392929,12/2/2022,MWTR,SB018N,LFS,73,2,n/a,10.8,9.48,36.1,0.39,1,38.047967,-121.909917
392929,12/2/2022,MWTR,SB018N,LFS,81,1,FCCL,10.8,9.48,36.1,0.39,1,38.047967,-121.909917
392929,12/2/2022,MWTR,SB018N,LFS,95,1,FCCL,10.8,9.48,36.1,0.39,1,38.047967,-121.909917
392929,12/2/2022,MWTR,SB018N,LFS,104,1,FCCL,10.8,9.48,36.1,0.39,1,38.047967,-121.909917
392929,12/2/2022,MWTR,SB018N,LFS,105,1,FCCL,10.8,9.48,36.1,0.39,1,38.047967,-121.909917
392929,12/2/2022,MWTR,SB018N,LFS,110,1,FCCL,10.8,9.48,36.1,0.39,1,38.047967,-121.909917
392929,12/2/2022,MWTR,SB018N,LFS,111,1,FCCL,10.8,9.48,36.1,0.39,1,38.047967,-121.909917
392931,12/2/2022,MWTR,SB018N,LFS,58,1,n/a,11,9.45,55.8,0.25,1,38.047967,-121.909917
392931,12/2/2022,MWTR,SB018N,LFS,70,1,n/a,11,9.45,55.8,0.25,1,38.047967,-121.909917
392931,12/2/2022,MWTR,SB018N,LFS,75,1,n/a,11,9.45,55.8,0.25,1,38.047967,-121.909917
392931,12/2/2022,MWTR,SB018N,LFS,98,1,FCCL,11,9.45,55.8,0.25,1,38.047967,-121.909917
392931,12/2/2022,MWTR,SB018N,LFS,99,1,FCCL,11,9.45,55.8,0.25,1,38.047967,-121.909917
392931,12/2/2022,MWTR,SB018N,LFS,100,1,FCCL,11,9.45,55.8,0.25,1,38.047967,-121.909917
392935,12/2/2022,MWTR,SB018N,LFS,63,1,n/a,10.9,9.27,56,0.28,1,38.047967,-121.909917
392935,12/2/2022,MWTR,SB018N,LFS,64,1,n/a,10.9,9.27,56,0.28,1,38.047967,-121.909917
392935,12/2/2022,MWTR,SB018N,LFS,65,2,n/a,10.9,9.27,56,0.28,1,38.047967,-121.909917
392935,12/2/2022,MWTR,SB018N,LFS,68,1,n/a,10.9,9.27,56,0.28,1,38.047967,-121.909917
392935,12/2/2022,MWTR,SB018N,LFS,69,1,n/a,10.9,9.27,56,0.28,1,38.047967,-121.909917
392935,12/2/2022,MWTR,SB018N,LFS,71,1,n/a,10.9,9.27,56,0.28,1,38.047967,-121.909917
392935,12/2/2022,MWTR,SB018N,LFS,72,2,n/a,10.9,9.27,56,0.28,1,38.047967,-121.909917
392935,12/2/2022,MWTR,SB018N,LFS,73,2,n/a,10.9,9.27,56,0.28,1,38.047967,-121.909917
392935,12/2/2022,MWTR,SB018N,LFS,74,1,n/a,10.9,9.27,56,0.28,1,38.047967,-121.909917
392935,12/2/2022,MWTR,SB018N,LFS,75,1,n/a,10.9,9.27,56,0.28,1,38.047967,-121.909917
392935,12/2/2022,MWTR,SB018N,LFS,76,1,n/a,10.9,9.27,56,0.28,1,38.047967,-121.909917
392935,12/2/2022,MWTR,SB018N,LFS,85,1,FCCL,10.9,9.27,56,0.28,1,38.047967,-121.909917
392935,12/2/2022,MWTR,SB018N,LFS,86,1,FCCL,10.9,9.27,56,0.28,1,38.047967,-121.909917
392935,12/2/2022,MWTR,SB018N,LFS,92,1,FCCL,10.9,9.27,56,0.28,1,38.047967,-121.909917
392935,12/2/2022,MWTR,SB018N,LFS,113,1,FCCL,10.9,9.27,56,0.28,1,38.047967,-121.909917
392935,12/2/2022,MWTR,SB018N,LFS,115,1,FCCL,10.9,9.27,56,0.28,1,38.047967,-121.909917
392936,12/2/2022,MWTR,SB018M,LFS,66,1,n/a,10.9,9.76,52,0.53,1,38.04598,-121.909917
392936,12/2/2022,MWTR,SB018M,LFS,68,1,n/a,10.9,9.76,52,0.53,1,38.04598,-121.909917
392936,12/2/2022,MWTR,SB018M,LFS,71,1,n/a,10.9,9.76,52,0.53,1,38.04598,-121.909917
392936,12/2/2022,MWTR,SB018M,LFS,82,1,FCCL,10.9,9.76,52,0.53,1,38.04598,-121.909917
392936,12/2/2022,MWTR,SB018M,LFS,98,2,FCCL,10.9,9.76,52,0.53,1,38.04598,-121.909917
392936,12/2/2022,MWTR,SB018M,LFS,103,1,FCCL,10.9,9.76,52,0.53,1,38.04598,-121.909917
392936,12/2/2022,MWTR,SB018M,LFS,105,1,FCCL,10.9,9.76,52,0.53,1,38.04598,-121.909917
393033,12/5/2022,MWTR,SB018S,LFS,61,1,n/a,11.1,9.33,29.3,0.58,1,38.04283,-121.909917
393033,12/5/2022,MWTR,SB018S,LFS,80,1,n/a,11.1,9.33,29.3,0.58,1,38.04283,-121.909917
393326,12/12/2022,MWTR,SB018S,LFS,92,1,FCCL,10.3,9.84,16,0.54,1,38.04283,-121.909917
393326,12/12/2022,MWTR,SB018S,LFS,99,3,FCCL,10.3,9.84,16,0.54,1,38.04283,-121.909917
393326,12/12/2022,MWTR,SB018S,LFS,104,1,FCCL,10.3,9.84,16,0.54,1,38.04283,-121.909917
393326,12/12/2022,MWTR,SB018S,LFS,118,1,FCCL,10.3,9.84,16,0.54,1,38.04283,-121.909917
393326,12/12/2022,MWTR,SB018S,LFS,119,1,FCCL,10.3,9.84,16,0.54,1,38.04283,-121.909917
393329,12/12/2022,MWTR,SB018S,LFS,102,1,FCCL,10.3,9.35,18.6,0.55,1,38.04283,-121.909917
393391,12/13/2022,MWTR,SB018N,LFS,67,1,n/a,10.1,10.07,20.4,0.53,1,38.047967,-121.909917
393391,12/13/2022,MWTR,SB018N,LFS,113,1,FCCL,10.1,10.07,20.4,0.53,1,38.047967,-121.909917
393533,12/15/2022,MWTR,SB018M,LFS,95,1,FCCL,9.9,9.19,20.1,0.58,1,38.04598,-121.909917
393534,12/15/2022,MWTR,SB018M,LFS,95,1,FCCL,9.8,10.48,25.3,0.6,1,38.04598,-121.909917
393536,12/15/2022,MWTR,SB018N,LFS,92,1,FCCL,9.8,9.76,28.2,0.58,1,38.047967,-121.909917
393537,12/15/2022,MWTR,SB018N,LFS,100,1,FCCL,9.9,10.62,41.3,0.5,1,38.047967,-121.909917
393549,12/15/2022,MWTR,SB018S,LFS,110,1,FCCL,10.1,10.25,34.8,0.54,1,38.04283,-121.909917
393660,12/19/2022,MWTR,SB018N,LFS,60,1,n/a,9.3,9.79,29.9,0.48,1,38.047967,-121.909917
393660,12/19/2022,MWTR,SB018N,LFS,68,1,n/a,9.3,9.79,29.9,0.48,1,38.047967,-121.909917
393660,12/19/2022,MWTR,SB018N,LFS,69,2,n/a,9.3,9.79,29.9,0.48,1,38.047967,-121.909917
393660,12/19/2022,MWTR,SB018N,LFS,70,2,n/a,9.3,9.79,29.9,0.48,1,38.047967,-121.909917
393660,12/19/2022,MWTR,SB018N,LFS,76,1,n/a,9.3,9.79,29.9,0.48,1,38.047967,-121.909917
393660,12/19/2022,MWTR,SB018N,LFS,77,1,L,9.3,9.79,29.9,0.48,1,38.047967,-121.909917
393660,12/19/2022,MWTR,SB018N,LFS,78,1,n/a,9.3,9.79,29.9,0.48,1,38.047967,-121.909917
393660,12/19/2022,MWTR,SB018N,LFS,91,1,FCCL,9.3,9.79,29.9,0.48,1,38.047967,-121.909917
393660,12/19/2022,MWTR,SB018N,LFS,96,1,FCCL,9.3,9.79,29.9,0.48,1,38.047967,-121.909917
393660,12/19/2022,MWTR,SB018N,LFS,98,1,FCCL,9.3,9.79,29.9,0.48,1,38.047967,-121.909917
393660,12/19/2022,MWTR,SB018N,LFS,100,1,FCCL,9.3,9.79,29.9,0.48,1,38.047967,-121.909917
393660,12/19/2022,MWTR,SB018N,LFS,105,3,FCCL,9.3,9.79,29.9,0.48,1,38.047967,-121.909917
393660,12/19/2022,MWTR,SB018N,LFS,106,1,FCCL,9.3,9.79,29.9,0.48,1,38.047967,-121.909917
393664,12/19/2022,MWTR,SB018M,LFS,98,1,FCCL,9.3,9.89,15.4,0.7,1,38.04598,-121.909917
393666,12/19/2022,MWTR,SB018M,LFS,73,1,n/a,9.4,10.4,14.9,0.67,1,38.04598,-121.909917
393667,12/19/2022,MWTR,SB018S,LFS,90,1,FCCL,9.4,10.34,17.7,0.72,1,38.04283,-121.909917
393671,12/19/2022,MWTR,SB018N,LFS,65,1,n/a,9.1,9.88,34.2,0.47,1,38.047967,-121.909917
393671,12/19/2022,MWTR,SB018N,LFS,73,1,n/a,9.1,9.88,34.2,0.47,1,38.047967,-121.909917
393671,12/19/2022,MWTR,SB018N,LFS,90,1,FCCL,9.1,9.88,34.2,0.47,1,38.047967,-121.909917
393671,12/19/2022,MWTR,SB018N,LFS,96,1,FCCL,9.1,9.88,34.2,0.47,1,38.047967,-121.909917
393671,12/19/2022,MWTR,SB018N,LFS,103,1,FCCL,9.1,9.88,34.2,0.47,1,38.047967,-121.909917
393671,12/19/2022,MWTR,SB018N,LFS,105,1,FCCL,9.1,9.88,34.2,0.47,1,38.047967,-121.909917
393671,12/19/2022,MWTR,SB018N,LFS,108,1,FCCL,9.1,9.88,34.2,0.47,1,38.047967,-121.909917
393671,12/19/2022,MWTR,SB018N,LFS,110,1,FCCL,9.1,9.88,34.2,0.47,1,38.047967,-121.909917
393672,12/19/2022,MWTR,SB018N,LFS,68,1,n/a,9.2,10.3,39.9,0.44,1,38.047967,-121.909917
393672,12/19/2022,MWTR,SB018N,LFS,72,1,n/a,9.2,10.3,39.9,0.44,1,38.047967,-121.909917
393672,12/19/2022,MWTR,SB018N,LFS,77,2,n/a,9.2,10.3,39.9,0.44,1,38.047967,-121.909917
393672,12/19/2022,MWTR,SB018N,LFS,95,1,FCCL,9.2,10.3,39.9,0.44,1,38.047967,-121.909917
393672,12/19/2022,MWTR,SB018N,LFS,99,1,FCCL,9.2,10.3,39.9,0.44,1,38.047967,-121.909917
393672,12/19/2022,MWTR,SB018N,LFS,106,1,FCCL,9.2,10.3,39.9,0.44,1,38.047967,-121.909917
393672,12/19/2022,MWTR,SB018N,LFS,107,1,FCCL,9.2,10.3,39.9,0.44,1,38.047967,-121.909917
393757,12/20/2022,MWTR,SB018N,LFS,83,1,n/a,9.1,9.75,16.2,0.6,1,38.047967,-121.909917
393757,12/20/2022,MWTR,SB018N,LFS,114,1,FCCL,9.1,9.75,16.2,0.6,1,38.047967,-121.909917
393765,12/20/2022,MWTR,SB018M,LFS,78,1,n/a,9.4,9.41,26.4,0.53,1,38.04598,-121.909917
393765,12/20/2022,MWTR,SB018M,LFS,104,1,FCCL,9.4,9.41,26.4,0.53,1,38.04598,-121.909917
393766,12/20/2022,MWTR,SB018M,LFS,112,1,FCCL,9.4,9.89,34.3,0.59,1,38.04598,-121.909917
393848,12/22/2022,MWTR,SB018M,LFS,80,1,n/a,8.9,9.48,41.4,0.63,1,38.04598,-121.909917
393848,12/22/2022,MWTR,SB018M,LFS,95,1,n/a,8.9,9.48,41.4,0.63,1,38.04598,-121.909917
393856,12/22/2022,MWTR,SB018N,LFS,75,1,n/a,9,9.89,18.4,0.63,1,38.047967,-121.909917
393857,12/22/2022,MWTR,SB018N,LFS,65,1,n/a,9,9.23,19.2,0.59,1,38.047967,-121.909917
393858,12/22/2022,MWTR,SB018N,LFS,72,1,n/a,9,9.85,21.4,0.6,1,38.047967,-121.909917
393911,12/27/2022,MWTR,SB018N,LFS,79,1,n/a,9.1,10.94,46.5,0.41,1,38.047967,-121.909917
393912,12/27/2022,MWTR,SB018N,LFS,77,1,n/a,9.1,9.38,50.2,0.43,1,38.047967,-121.909917
393912,12/27/2022,MWTR,SB018N,LFS,88,1,n/a,9.1,9.38,50.2,0.43,1,38.047967,-121.909917
393912,12/27/2022,MWTR,SB018N,LFS,95,1,n/a,9.1,9.38,50.2,0.43,1,38.047967,-121.909917
393913,12/27/2022,MWTR,SB018N,LFS,75,1,n/a,9.1,9.24,46.5,0.43,1,38.047967,-121.909917
393914,12/27/2022,MWTR,SB018S,LFS,96,1,n/a,9.3,9.28,37.5,0.46,1,38.04283,-121.909917
393918,12/27/2022,MWTR,SB018M,LFS,68,1,n/a,9.2,9.48,31.7,0.48,1,38.04598,-121.909917
393919,12/27/2022,MWTR,SB018M,LFS,100,1,n/a,9.2,9.65,31.3,0.57,1,38.04598,-121.909917
393919,12/27/2022,MWTR,SB018M,LFS,104,1,n/a,9.2,9.65,31.3,0.57,1,38.04598,-121.909917
394061,12/28/2022,MWTR,SB018N,LFS,64,1,n/a,9,9.32,39.3,0.46,1,38.047967,-121.909917
394061,12/28/2022,MWTR,SB018N,LFS,79,1,n/a,9,9.32,39.3,0.46,1,38.047967,-121.909917
394061,12/28/2022,MWTR,SB018N,LFS,92,1,n/a,9,9.32,39.3,0.46,1,38.047967,-121.909917
394061,12/28/2022,MWTR,SB018N,LFS,105,1,n/a,9,9.32,39.3,0.46,1,38.047967,-121.909917
394071,12/28/2022,MWTR,SB018N,LFS,62,1,n/a,9,9.63,31.7,0.57,1,38.047967,-121.909917
394071,12/28/2022,MWTR,SB018N,LFS,69,1,n/a,9,9.63,31.7,0.57,1,38.047967,-121.909917
394071,12/28/2022,MWTR,SB018N,LFS,88,1,n/a,9,9.63,31.7,0.57,1,38.047967,-121.909917
394071,12/28/2022,MWTR,SB018N,LFS,97,1,n/a,9,9.63,31.7,0.57,1,38.047967,-121.909917
394076,12/28/2022,MWTR,SB018N,LFS,69,1,n/a,9,9.39,39.5,0.5,1,38.047967,-121.909917
394076,12/28/2022,MWTR,SB018N,LFS,74,1,n/a,9,9.39,39.5,0.5,1,38.047967,-121.909917
394076,12/28/2022,MWTR,SB018N,LFS,90,1,n/a,9,9.39,39.5,0.5,1,38.047967,-121.909917
394085,12/28/2022,MWTR,SB018S,LFS,102,1,n/a,9.1,9.31,23.3,0.49,1,38.04283,-121.909917
394091,12/28/2022,MWTR,SB018M,LFS,71,1,n/a,9.1,9.27,24.3,0.55,1,38.04598,-121.909917
394136,12/30/2022,MWTR,SB018N,LFS,85,1,n/a,9.2,10.27,27.1,0.44,1,38.047967,-121.909917
394137,12/30/2022,MWTR,SB018N,LFS,77,1,n/a,9.3,9.97,28.3,0.43,1,38.047967,-121.909917
394138,12/30/2022,MWTR,SB018N,LFS,75,1,n/a,9.3,9.98,34.5,0.34,1,38.047967,-121.909917
394138,12/30/2022,MWTR,SB018N,LFS,89,1,n/a,9.3,9.98,34.5,0.34,1,38.047967,-121.909917
394138,12/30/2022,MWTR,SB018N,LFS,105,1,n/a,9.3,9.98,34.5,0.34,1,38.047967,-121.909917
394139,12/30/2022,MWTR,SB018N,LFS,69,1,n/a,9.3,9.83,44.2,0.37,1,38.047967,-121.909917
394139,12/30/2022,MWTR,SB018N,LFS,94,1,n/a,9.3,9.83,44.2,0.37,1,38.047967,-121.909917
394141,12/30/2022,MWTR,SB018S,LFS,61,1,n/a,9.4,9.79,35.3,0.46,1,38.04283,-121.909917
394141,12/30/2022,MWTR,SB018S,LFS,75,1,n/a,9.4,9.79,35.3,0.46,1,38.04283,-121.909917
394141,12/30/2022,MWTR,SB018S,LFS,77,1,n/a,9.4,9.79,35.3,0.46,1,38.04283,-121.909917
394142,12/30/2022,MWTR,SB018S,LFS,101,1,n/a,9.4,9.95,41.2,0.33,1,38.04283,-121.909917
394143,12/30/2022,MWTR,SB018M,LFS,76,1,n/a,9.5,9.9,36.6,0.41,1,38.04598,-121.909917
394143,12/30/2022,MWTR,SB018M,LFS,109,1,n/a,9.5,9.9,36.6,0.41,1,38.04598,-121.909917
394216,1/3/2023,MWTR,SB018S,LFS,112,1,n/a,9.3,9.95,59.1,0.32,1,38.04283,-121.909917
394217,1/3/2023,MWTR,SB018S,LFS,98,1,n/a,9.3,9.76,61.7,0.28,1,38.04283,-121.909917
394217,1/3/2023,MWTR,SB018S,LFS,105,1,n/a,9.3,9.76,61.7,0.28,1,38.04283,-121.909917
394245,1/3/2023,MWTR,SB018S,LFS,104,1,n/a,9.3,9.41,65,0.3,1,38.04283,-121.909917
394246,1/3/2023,MWTR,SB018S,LFS,73,1,n/a,9.4,9.9,72,0.28,1,38.04283,-121.909917
394249,1/3/2023,MWTR,SB018N,LFS,115,1,n/a,9.3,9.75,76.4,0.23,1,38.047967,-121.909917
394249,1/3/2023,MWTR,SB018N,LFS,116,1,n/a,9.3,9.75,76.4,0.23,1,38.047967,-121.909917
394260,1/3/2023,MWTR,SB018M,LFS,105,1,n/a,9.4,9.75,73.9,0.33,1,38.04598,-121.909917
394262,1/3/2023,MWTR,SB018M,LFS,104,1,n/a,9.4,10.01,79.8,0.3,1,38.04598,-121.909917
394356,1/5/2023,MWTR,SB018S,LFS,108,1,n/a,9.5,10.35,82.4,0.2,1,38.04283,-121.909917
394356,1/5/2023,MWTR,SB018S,LFS,110,1,n/a,9.5,10.35,82.4,0.2,1,38.04283,-121.909917
394357,1/5/2023,MWTR,SB018S,LFS,109,1,n/a,9.5,10.57,85.4,0.28,1,38.04283,-121.909917
394358,1/5/2023,MWTR,SB018N,LFS,97,1,n/a,9.5,10.08,138,0.2,1,38.047967,-121.909917
394364,1/5/2023,MWTR,SB018N,LFS,83,1,n/a,9.6,11.64,136,0.18,1,38.047967,-121.909917
394364,1/5/2023,MWTR,SB018N,LFS,102,1,n/a,9.6,11.64,136,0.18,1,38.047967,-121.909917
394366,1/5/2023,MWTR,SB018M,LFS,98,1,n/a,9.6,10.43,122,0.24,1,38.04598,-121.909917
394366,1/5/2023,MWTR,SB018M,LFS,100,2,n/a,9.6,10.43,122,0.24,1,38.04598,-121.909917
394368,1/5/2023,MWTR,SB018M,LFS,100,1,n/a,9.5,10.48,137,0.17,1,38.04598,-121.909917
394368,1/5/2023,MWTR,SB018M,LFS,103,1,n/a,9.5,10.48,137,0.17,1,38.04598,-121.909917
394368,1/5/2023,MWTR,SB018M,LFS,104,1,n/a,9.5,10.48,137,0.17,1,38.04598,-121.909917
394368,1/5/2023,MWTR,SB018M,LFS,106,1,n/a,9.5,10.48,137,0.17,1,38.04598,-121.909917
394368,1/5/2023,MWTR,SB018M,LFS,112,1,n/a,9.5,10.48,137,0.17,1,38.04598,-121.909917
394369,1/5/2023,MWTR,SB018M,LFS,92,1,n/a,9.6,10.68,136,0.18,1,38.04598,-121.909917
394369,1/5/2023,MWTR,SB018M,LFS,98,1,n/a,9.6,10.68,136,0.18,1,38.04598,-121.909917
394425,1/6/2023,MWTR,SB018M,LFS,105,1,n/a,9.5,10.44,145,0.16,1,38.04598,-121.909917
394433,1/6/2023,MWTR,SB018S,LFS,76,1,n/a,9.7,10.28,128,0.19,1,38.04283,-121.909917
394433,1/6/2023,MWTR,SB018S,LFS,85,1,n/a,9.7,10.28,128,0.19,1,38.04283,-121.909917
394440,1/6/2023,MWTR,SB018N,LFS,84,1,n/a,9.4,10.6,140,0.17,1,38.047967,-121.909917
394440,1/6/2023,MWTR,SB018N,LFS,85,1,n/a,9.4,10.6,140,0.17,1,38.047967,-121.909917
394440,1/6/2023,MWTR,SB018N,LFS,90,1,n/a,9.4,10.6,140,0.17,1,38.047967,-121.909917
394444,1/6/2023,MWTR,SB018N,LFS,95,1,n/a,9.5,10.66,148,0.2,1,38.047967,-121.909917
394444,1/6/2023,MWTR,SB018N,LFS,100,1,n/a,9.5,10.66,148,0.2,1,38.047967,-121.909917
394508,1/9/2023,MWTR,SB018N,LFS,77,1,n/a,9.8,10.77,95.6,0.23,1,38.047967,-121.909917
394511,1/9/2023,MWTR,SB018N,LFS,112,1,n/a,9.8,10.57,116,0.22,1,38.047967,-121.909917
394512,1/9/2023,MWTR,SB018S,LFS,91,1,n/a,9.9,10.03,102,0.18,1,38.04283,-121.909917
394513,1/9/2023,MWTR,SB018S,LFS,110,1,n/a,9.9,10.22,101,0.19,1,38.04283,-121.909917
394514,1/9/2023,MWTR,SB018S,LFS,75,1,n/a,9.9,10.01,94.9,0.24,1,38.04283,-121.909917
394601,1/11/2023,MWTR,SB018M,LFS,75,1,n/a,10,10.33,142,0.28,1,38.04598,-121.909917
394601,1/11/2023,MWTR,SB018M,LFS,104,1,n/a,10,10.33,142,0.28,1,38.04598,-121.909917
394619,1/11/2023,MWTR,SB018N,LFS,79,1,n/a,10,9.86,223,0.19,1,38.047967,-121.909917
394881,1/18/2023,MWTR,SB018S,LFS,93,1,n/a,10.2,9.11,93.4,0.2,1,38.04283,-121.909917
394882,1/18/2023,MWTR,SB018S,LFS,75,1,n/a,10.1,9.16,121,0.17,1,38.04283,-121.909917
394882,1/18/2023,MWTR,SB018S,LFS,78,1,n/a,10.1,9.16,121,0.17,1,38.04283,-121.909917
394882,1/18/2023,MWTR,SB018S,LFS,79,1,n/a,10.1,9.16,121,0.17,1,38.04283,-121.909917
394882,1/18/2023,MWTR,SB018S,LFS,80,1,n/a,10.1,9.16,121,0.17,1,38.04283,-121.909917
394882,1/18/2023,MWTR,SB018S,LFS,82,1,n/a,10.1,9.16,121,0.17,1,38.04283,-121.909917
394882,1/18/2023,MWTR,SB018S,LFS,84,1,n/a,10.1,9.16,121,0.17,1,38.04283,-121.909917
394882,1/18/2023,MWTR,SB018S,LFS,85,1,n/a,10.1,9.16,121,0.17,1,38.04283,-121.909917
394882,1/18/2023,MWTR,SB018S,LFS,90,1,n/a,10.1,9.16,121,0.17,1,38.04283,-121.909917
394882,1/18/2023,MWTR,SB018S,LFS,91,1,n/a,10.1,9.16,121,0.17,1,38.04283,-121.909917
394882,1/18/2023,MWTR,SB018S,LFS,93,1,n/a,10.1,9.16,121,0.17,1,38.04283,-121.909917
394882,1/18/2023,MWTR,SB018S,LFS,94,1,n/a,10.1,9.16,121,0.17,1,38.04283,-121.909917
394882,1/18/2023,MWTR,SB018S,LFS,95,1,n/a,10.1,9.16,121,0.17,1,38.04283,-121.909917
394882,1/18/2023,MWTR,SB018S,LFS,100,1,n/a,10.1,9.16,121,0.17,1,38.04283,-121.909917
394882,1/18/2023,MWTR,SB018S,LFS,103,1,n/a,10.1,9.16,121,0.17,1,38.04283,-121.909917
394884,1/18/2023,MWTR,SB018S,LFS,82,1,n/a,10.2,8.86,102,0.19,1,38.04283,-121.909917
394885,1/18/2023,MWTR,SB018M,LFS,77,1,n/a,10.6,9.31,78.3,0.23,1,38.04598,-121.909917
394885,1/18/2023,MWTR,SB018M,LFS,85,1,n/a,10.6,9.31,78.3,0.23,1,38.04598,-121.909917
394885,1/18/2023,MWTR,SB018M,LFS,98,1,n/a,10.6,9.31,78.3,0.23,1,38.04598,-121.909917
394886,1/18/2023,MWTR,SB018M,LFS,80,1,n/a,10.2,9.39,137,0.21,1,38.04598,-121.909917
394886,1/18/2023,MWTR,SB018M,LFS,98,1,n/a,10.2,9.39,137,0.21,1,38.04598,-121.909917
394888,1/18/2023,MWTR,SB018N,LFS,80,1,n/a,10.1,9.36,141,0.16,1,38.047967,-121.909917
394888,1/18/2023,MWTR,SB018N,LFS,91,1,n/a,10.1,9.36,141,0.16,1,38.047967,-121.909917
394888,1/18/2023,MWTR,SB018N,LFS,99,1,n/a,10.1,9.36,141,0.16,1,38.047967,-121.909917
394889,1/18/2023,MWTR,SB018N,LFS,78,1,n/a,9.9,9.57,152,0.18,1,38.047967,-121.909917
394889,1/18/2023,MWTR,SB018N,LFS,93,1,n/a,9.9,9.57,152,0.18,1,38.047967,-121.909917
394973,1/19/2023,MWTR,SB018N,LFS,73,1,n/a,9.7,9.18,183,0.17,1,38.047967,-121.909917
394973,1/19/2023,MWTR,SB018N,LFS,85,1,n/a,9.7,9.18,183,0.17,1,38.047967,-121.909917
394973,1/19/2023,MWTR,SB018N,LFS,92,1,n/a,9.7,9.18,183,0.17,1,38.047967,-121.909917
394974,1/19/2023,MWTR,SB018N,LFS,74,1,n/a,9.7,8.87,179,0.15,1,38.047967,-121.909917
394974,1/19/2023,MWTR,SB018N,LFS,81,1,n/a,9.7,8.87,179,0.15,1,38.047967,-121.909917
394975,1/19/2023,MWTR,SB018N,LFS,84,1,n/a,9.7,8.85,142,0.17,1,38.047967,-121.909917
394976,1/19/2023,MWTR,SB018N,LFS,75,1,n/a,9.6,8.74,158,0.16,1,38.047967,-121.909917
394978,1/19/2023,MWTR,SB018M,LFS,89,1,n/a,9.9,8.82,112,0.14,1,38.04598,-121.909917
394978,1/19/2023,MWTR,SB018M,LFS,99,1,n/a,9.9,8.82,112,0.14,1,38.04598,-121.909917
394978,1/19/2023,MWTR,SB018M,LFS,100,1,n/a,9.9,8.82,112,0.14,1,38.04598,-121.909917
394979,1/19/2023,MWTR,SB018M,LFS,72,1,n/a,9.8,8.74,128,0.17,1,38.04598,-121.909917
394979,1/19/2023,MWTR,SB018M,LFS,91,1,n/a,9.8,8.74,128,0.17,1,38.04598,-121.909917
395000,1/19/2023,MWTR,SB018S,LFS,80,2,n/a,10.2,9.01,106,0.22,1,38.04283,-121.909917
395000,1/19/2023,MWTR,SB018S,LFS,85,1,n/a,10.2,9.01,106,0.22,1,38.04283,-121.909917
395000,1/19/2023,MWTR,SB018S,LFS,100,1,n/a,10.2,9.01,106,0.22,1,38.04283,-121.909917
395060,1/20/2023,MWTR,SB018M,LFS,87,1,n/a,9.5,8.9,153,0.17,1,38.04598,-121.909917
395060,1/20/2023,MWTR,SB018M,LFS,103,1,n/a,9.5,8.9,153,0.17,1,38.04598,-121.909917
395061,1/20/2023,MWTR,SB018M,LFS,100,1,n/a,9.6,8.84,137,0.17,1,38.04598,-121.909917
395062,1/20/2023,MWTR,SB018M,LFS,85,1,n/a,9.3,9.12,187,0.15,1,38.04598,-121.909917
395062,1/20/2023,MWTR,SB018M,LFS,105,1,n/a,9.3,9.12,187,0.15,1,38.04598,-121.909917
395064,1/20/2023,MWTR,SB018N,LFS,102,1,n/a,9.3,8.88,172,0.19,1,38.047967,-121.909917
395065,1/20/2023,MWTR,SB018N,LFS,82,1,n/a,9.3,9.06,204,0.13,1,38.047967,-121.909917
395065,1/20/2023,MWTR,SB018N,LFS,85,1,n/a,9.3,9.06,204,0.13,1,38.047967,-121.909917
395065,1/20/2023,MWTR,SB018N,LFS,86,1,n/a,9.3,9.06,204,0.13,1,38.047967,-121.909917
395065,1/20/2023,MWTR,SB018N,LFS,90,1,n/a,9.3,9.06,204,0.13,1,38.047967,-121.909917
395066,1/20/2023,MWTR,SB018S,LFS,85,1,n/a,9.8,8.92,105,0.18,1,38.04283,-121.909917
395067,1/20/2023,MWTR,SB018S,LFS,78,1,n/a,9.8,8.83,114,0.2,1,38.04283,-121.909917
395067,1/20/2023,MWTR,SB018S,LFS,97,1,n/a,9.8,8.83,114,0.2,1,38.04283,-121.909917
395068,1/20/2023,MWTR,SB018S,LFS,75,1,n/a,9.8,8.91,102,0.21,1,38.04283,-121.909917
395068,1/20/2023,MWTR,SB018S,LFS,76,1,n/a,9.8,8.91,102,0.21,1,38.04283,-121.909917
395068,1/20/2023,MWTR,SB018S,LFS,83,1,n/a,9.8,8.91,102,0.21,1,38.04283,-121.909917
395146,1/23/2023,MWTR,SB018N,LFS,91,1,n/a,8.5,9.99,186,0.13,1,38.047967,-121.909917
395147,1/23/2023,MWTR,SB018S,LFS,78,1,n/a,9,9.7,92.2,0.15,1,38.04283,-121.909917
395149,1/23/2023,MWTR,SB018S,LFS,77,1,n/a,9,9.71,108,0.16,1,38.04283,-121.909917
395151,1/23/2023,MWTR,SB018S,LFS,83,1,n/a,8.9,10.05,103,0.18,1,38.04283,-121.909917
395151,1/23/2023,MWTR,SB018S,LFS,112,1,n/a,8.9,10.05,103,0.18,1,38.04283,-121.909917
395152,1/23/2023,MWTR,SB018M,LFS,96,1,n/a,8.5,10.6,148,0.18,1,38.04598,-121.909917
395153,1/23/2023,MWTR,SB018M,LFS,93,1,n/a,9,10.05,106,0.18,1,38.04598,-121.909917
395154,1/23/2023,MWTR,SB018M,LFS,80,1,n/a,9.1,9.8,101,0.17,1,38.04598,-121.909917
395154,1/23/2023,MWTR,SB018M,LFS,82,1,n/a,9.1,9.8,101,0.17,1,38.04598,-121.909917
395154,1/23/2023,MWTR,SB018M,LFS,85,2,n/a,9.1,9.8,101,0.17,1,38.04598,-121.909917
395240,1/25/2023,MWTR,SB018M,LFS,85,1,n/a,8.7,9.84,82.5,0.2,1,38.04598,-121.909917
395240,1/25/2023,MWTR,SB018M,LFS,89,1,n/a,8.7,9.84,82.5,0.2,1,38.04598,-121.909917
395248,1/25/2023,MWTR,SB018M,LFS,55,1,n/a,8.4,9.94,107,0.15,1,38.04598,-121.909917
395248,1/25/2023,MWTR,SB018M,LFS,80,1,n/a,8.4,9.94,107,0.15,1,38.04598,-121.909917
395249,1/25/2023,MWTR,SB018M,LFS,85,1,n/a,8.4,9.77,102,0.17,1,38.04598,-121.909917
395249,1/25/2023,MWTR,SB018M,LFS,87,1,n/a,8.4,9.77,102,0.17,1,38.04598,-121.909917
395249,1/25/2023,MWTR,SB018M,LFS,93,1,n/a,8.4,9.77,102,0.17,1,38.04598,-121.909917
395251,1/25/2023,MWTR,SB018N,LFS,77,1,n/a,8.4,9.8,119,0.17,1,38.047967,-121.909917
395352,1/27/2023,MWTR,SB018S,LFS,85,1,n/a,8.8,10.44,73.7,0.17,1,38.04283,-121.909917
395352,1/27/2023,MWTR,SB018S,LFS,92,1,n/a,8.8,10.44,73.7,0.17,1,38.04283,-121.909917
395356,1/27/2023,MWTR,SB018S,LFS,76,1,n/a,8.8,9.83,93,0.18,1,38.04283,-121.909917
395356,1/27/2023,MWTR,SB018S,LFS,78,1,n/a,8.8,9.83,93,0.18,1,38.04283,-121.909917
395356,1/27/2023,MWTR,SB018S,LFS,85,1,n/a,8.8,9.83,93,0.18,1,38.04283,-121.909917
395356,1/27/2023,MWTR,SB018S,LFS,103,1,n/a,8.8,9.83,93,0.18,1,38.04283,-121.909917
395361,1/27/2023,MWTR,SB018S,LFS,78,4,n/a,8.9,9.93,78.4,0.21,1,38.04283,-121.909917
395361,1/27/2023,MWTR,SB018S,LFS,81,1,n/a,8.9,9.93,78.4,0.21,1,38.04283,-121.909917
395361,1/27/2023,MWTR,SB018S,LFS,87,1,n/a,8.9,9.93,78.4,0.21,1,38.04283,-121.909917
395361,1/27/2023,MWTR,SB018S,LFS,90,1,n/a,8.9,9.93,78.4,0.21,1,38.04283,-121.909917
395361,1/27/2023,MWTR,SB018S,LFS,119,1,n/a,8.9,9.93,78.4,0.21,1,38.04283,-121.909917
395365,1/27/2023,MWTR,SB018S,LFS,73,1,n/a,8.8,9.88,82,0.2,1,38.04283,-121.909917
395365,1/27/2023,MWTR,SB018S,LFS,85,2,n/a,8.8,9.88,82,0.2,1,38.04283,-121.909917
395370,1/27/2023,MWTR,SB018N,LFS,90,1,n/a,8.6,10.08,91.7,0.19,1,38.047967,-121.909917
395428,1/30/2023,MWTR,SB018S,LFS,76,1,n/a,8.7,10.08,46.2,0.22,1,38.04283,-121.909917
395428,1/30/2023,MWTR,SB018S,LFS,98,1,n/a,8.7,10.08,46.2,0.22,1,38.04283,-121.909917
395430,1/30/2023,MWTR,SB018S,LFS,83,1,n/a,8.7,9.68,59.7,0.21,1,38.04283,-121.909917
395430,1/30/2023,MWTR,SB018S,LFS,84,1,n/a,8.7,9.68,59.7,0.21,1,38.04283,-121.909917
395433,1/30/2023,MWTR,SB018S,LFS,88,1,n/a,8.6,10.25,65.6,0.21,1,38.04283,-121.909917
395439,1/30/2023,MWTR,SB018N,LFS,79,1,n/a,7.9,10.87,72.7,0.21,1,38.047967,-121.909917
395439,1/30/2023,MWTR,SB018N,LFS,86,1,n/a,7.9,10.87,72.7,0.21,1,38.047967,-121.909917
395439,1/30/2023,MWTR,SB018N,LFS,103,1,n/a,7.9,10.87,72.7,0.21,1,38.047967,-121.909917
395439,1/30/2023,MWTR,SB018N,LFS,105,1,n/a,7.9,10.87,72.7,0.21,1,38.047967,-121.909917
395441,10/30/2022,MWTR,SB018N,LFS,74,1,n/a,8.2,10.41,70.7,0.21,1,38.047967,-121.909917
395441,10/30/2022,MWTR,SB018N,LFS,90,1,n/a,8.2,10.41,70.7,0.21,1,38.047967,-121.909917
395441,10/30/2022,MWTR,SB018N,LFS,110,1,n/a,8.2,10.41,70.7,0.21,1,38.047967,-121.909917
395444,1/30/2023,MWTR,SB018N,LFS,84,1,n/a,7.9,10.79,84.5,0.24,1,38.047967,-121.909917
395448,1/30/2023,MWTR,SB018M,LFS,80,1,n/a,8.3,10.24,66.2,0.21,1,38.04598,-121.909917
395448,1/30/2023,MWTR,SB018M,LFS,82,1,n/a,8.3,10.24,66.2,0.21,1,38.04598,-121.909917
395448,1/30/2023,MWTR,SB018M,LFS,100,1,n/a,8.3,10.24,66.2,0.21,1,38.04598,-121.909917
395448,1/30/2023,MWTR,SB018M,LFS,110,2,n/a,8.3,10.24,66.2,0.21,1,38.04598,-121.909917
395452,1/30/2023,MWTR,SB018M,LFS,86,1,n/a,8.6,10.21,60.3,0.22,1,38.04598,-121.909917
395454,1/30/2023,MWTR,SB018M,LFS,90,1,n/a,8.7,9.98,52.2,0.22,1,38.04598,-121.909917
395470,1/30/2023,MWTR,SB018N,LFS,74,1,n/a,8.2,10.41,70.7,0.21,1,38.047967,-121.909917
395470,1/30/2023,MWTR,SB018N,LFS,90,1,n/a,8.2,10.41,70.7,0.21,1,38.047967,-121.909917
395470,1/30/2023,MWTR,SB018N,LFS,110,1,n/a,8.2,10.41,70.7,0.21,1,38.047967,-121.909917
395570,2/1/2023,MWTR,SB018S,LFS,85,1,n/a,8.4,10.88,40.9,0.26,1,38.04283,-121.909917
395571,2/1/2023,MWTR,SB018S,LFS,76,1,n/a,8.4,10.33,44.3,0.28,1,38.04283,-121.909917
395571,2/1/2023,MWTR,SB018S,LFS,82,1,n/a,8.4,10.33,44.3,0.28,1,38.04283,-121.909917
395571,2/1/2023,MWTR,SB018S,LFS,85,1,n/a,8.4,10.33,44.3,0.28,1,38.04283,-121.909917
395571,2/1/2023,MWTR,SB018S,LFS,90,1,n/a,8.4,10.33,44.3,0.28,1,38.04283,-121.909917
395574,2/1/2023,MWTR,SB018S,LFS,76,1,n/a,8.5,9.8,47.8,0.23,1,38.04283,-121.909917
395574,2/1/2023,MWTR,SB018S,LFS,79,1,n/a,8.5,9.8,47.8,0.23,1,38.04283,-121.909917
395574,2/1/2023,MWTR,SB018S,LFS,80,2,n/a,8.5,9.8,47.8,0.23,1,38.04283,-121.909917
395574,2/1/2023,MWTR,SB018S,LFS,85,2,n/a,8.5,9.8,47.8,0.23,1,38.04283,-121.909917
395574,2/1/2023,MWTR,SB018S,LFS,88,1,n/a,8.5,9.8,47.8,0.23,1,38.04283,-121.909917
395576,2/1/2023,MWTR,SB018M,LFS,77,1,n/a,8.5,10.21,48.2,0.23,1,38.04598,-121.909917
395576,2/1/2023,MWTR,SB018M,LFS,81,1,n/a,8.5,10.21,48.2,0.23,1,38.04598,-121.909917
395576,2/1/2023,MWTR,SB018M,LFS,90,1,n/a,8.5,10.21,48.2,0.23,1,38.04598,-121.909917
395576,2/1/2023,MWTR,SB018M,LFS,91,1,n/a,8.5,10.21,48.2,0.23,1,38.04598,-121.909917
395576,2/1/2023,MWTR,SB018M,LFS,94,1,n/a,8.5,10.21,48.2,0.23,1,38.04598,-121.909917
395576,2/1/2023,MWTR,SB018M,LFS,95,1,n/a,8.5,10.21,48.2,0.23,1,38.04598,-121.909917
395576,2/1/2023,MWTR,SB018M,LFS,98,1,n/a,8.5,10.21,48.2,0.23,1,38.04598,-121.909917
395579,2/1/2023,MWTR,SB018M,LFS,78,1,n/a,8.4,10.81,53.4,0.22,1,38.04598,-121.909917
395579,2/1/2023,MWTR,SB018M,LFS,80,2,n/a,8.4,10.81,53.4,0.22,1,38.04598,-121.909917
395579,2/1/2023,MWTR,SB018M,LFS,81,1,n/a,8.4,10.81,53.4,0.22,1,38.04598,-121.909917
395579,2/1/2023,MWTR,SB018M,LFS,82,2,n/a,8.4,10.81,53.4,0.22,1,38.04598,-121.909917
395579,2/1/2023,MWTR,SB018M,LFS,83,1,n/a,8.4,10.81,53.4,0.22,1,38.04598,-121.909917
395579,2/1/2023,MWTR,SB018M,LFS,84,1,n/a,8.4,10.81,53.4,0.22,1,38.04598,-121.909917
395579,2/1/2023,MWTR,SB018M,LFS,85,1,n/a,8.4,10.81,53.4,0.22,1,38.04598,-121.909917
395579,2/1/2023,MWTR,SB018M,LFS,87,1,n/a,8.4,10.81,53.4,0.22,1,38.04598,-121.909917
395579,2/1/2023,MWTR,SB018M,LFS,90,3,n/a,8.4,10.81,53.4,0.22,1,38.04598,-121.909917
395579,2/1/2023,MWTR,SB018M,LFS,91,1,n/a,8.4,10.81,53.4,0.22,1,38.04598,-121.909917
395579,2/1/2023,MWTR,SB018M,LFS,95,1,n/a,8.4,10.81,53.4,0.22,1,38.04598,-121.909917
395579,2/1/2023,MWTR,SB018M,LFS,96,1,n/a,8.4,10.81,53.4,0.22,1,38.04598,-121.909917
395579,2/1/2023,MWTR,SB018M,LFS,100,2,n/a,8.4,10.81,53.4,0.22,1,38.04598,-121.909917
395579,2/1/2023,MWTR,SB018M,LFS,105,1,n/a,8.4,10.81,53.4,0.22,1,38.04598,-121.909917
395582,2/1/2023,MWTR,SB018M,LFS,62,1,n/a,8.4,10.64,56.2,0.23,1,38.04598,-121.909917
395582,2/1/2023,MWTR,SB018M,LFS,76,1,n/a,8.4,10.64,56.2,0.23,1,38.04598,-121.909917
395582,2/1/2023,MWTR,SB018M,LFS,78,1,n/a,8.4,10.64,56.2,0.23,1,38.04598,-121.909917
395582,2/1/2023,MWTR,SB018M,LFS,79,1,n/a,8.4,10.64,56.2,0.23,1,38.04598,-121.909917
395582,2/1/2023,MWTR,SB018M,LFS,80,2,n/a,8.4,10.64,56.2,0.23,1,38.04598,-121.909917
395582,2/1/2023,MWTR,SB018M,LFS,81,2,n/a,8.4,10.64,56.2,0.23,1,38.04598,-121.909917
395582,2/1/2023,MWTR,SB018M,LFS,82,1,n/a,8.4,10.64,56.2,0.23,1,38.04598,-121.909917
395582,2/1/2023,MWTR,SB018M,LFS,83,1,n/a,8.4,10.64,56.2,0.23,1,38.04598,-121.909917
395582,2/1/2023,MWTR,SB018M,LFS,84,2,n/a,8.4,10.64,56.2,0.23,1,38.04598,-121.909917
395582,2/1/2023,MWTR,SB018M,LFS,85,1,n/a,8.4,10.64,56.2,0.23,1,38.04598,-121.909917
395582,2/1/2023,MWTR,SB018M,LFS,87,2,n/a,8.4,10.64,56.2,0.23,1,38.04598,-121.909917
395582,2/1/2023,MWTR,SB018M,LFS,99,1,n/a,8.4,10.64,56.2,0.23,1,38.04598,-121.909917
395585,2/1/2023,MWTR,SB018N,LFS,85,1,n/a,8.2,10.63,56.6,0.24,1,38.047967,-121.909917
395589,2/1/2023,MWTR,SB018N,LFS,80,2,n/a,8.1,10.56,58.4,0.22,1,38.047967,-121.909917
395589,2/1/2023,MWTR,SB018N,LFS,85,1,n/a,8.1,10.56,58.4,0.22,1,38.047967,-121.909917
395589,2/1/2023,MWTR,SB018N,LFS,91,1,n/a,8.1,10.56,58.4,0.22,1,38.047967,-121.909917
395589,2/1/2023,MWTR,SB018N,LFS,96,1,n/a,8.1,10.56,58.4,0.22,1,38.047967,-121.909917
395591,2/1/2023,MWTR,SB018N,LFS,80,1,n/a,8.2,10.37,56.5,0.2,1,38.047967,-121.909917
395591,2/1/2023,MWTR,SB018N,LFS,82,1,n/a,8.2,10.37,56.5,0.2,1,38.047967,-121.909917
395591,2/1/2023,MWTR,SB018N,LFS,93,1,n/a,8.2,10.37,56.5,0.2,1,38.047967,-121.909917
395591,2/1/2023,MWTR,SB018N,LFS,100,1,n/a,8.2,10.37,56.5,0.2,1,38.047967,-121.909917
395593,2/1/2023,MWTR,SB018N,LFS,80,1,n/a,8.2,11.15,60.5,0.23,1,38.047967,-121.909917
395593,2/1/2023,MWTR,SB018N,LFS,86,1,n/a,8.2,11.15,60.5,0.23,1,38.047967,-121.909917
395593,2/1/2023,MWTR,SB018N,LFS,88,1,n/a,8.2,11.15,60.5,0.23,1,38.047967,-121.909917
395682,2/3/2023,MWTR,SB018S,LFS,81,1,n/a,8.5,10.79,39.2,0.27,1,38.04283,-121.909917
395682,2/3/2023,MWTR,SB018S,LFS,83,1,n/a,8.5,10.79,39.2,0.27,1,38.04283,-121.909917
395682,2/3/2023,MWTR,SB018S,LFS,102,1,n/a,8.5,10.79,39.2,0.27,1,38.04283,-121.909917
395682,2/3/2023,MWTR,SB018S,LFS,105,1,n/a,8.5,10.79,39.2,0.27,1,38.04283,-121.909917
395686,2/3/2023,MWTR,SB018S,LFS,80,1,n/a,8.5,10.05,42.3,0.27,1,38.04283,-121.909917
395686,2/3/2023,MWTR,SB018S,LFS,96,1,n/a,8.5,10.05,42.3,0.27,1,38.04283,-121.909917
395687,2/3/2023,MWTR,SB018S,LFS,86,1,n/a,8.5,10.36,46.5,0.27,1,38.04283,-121.909917
395688,2/3/2023,MWTR,SB018S,LFS,87,1,n/a,8.5,9.93,48.2,0.27,1,38.04283,-121.909917
395688,2/3/2023,MWTR,SB018S,LFS,100,1,n/a,8.5,9.93,48.2,0.27,1,38.04283,-121.909917
395692,2/3/2023,MWTR,SB018N,LFS,80,1,n/a,8.5,10.4,52.4,0.22,1,38.047967,-121.909917
395692,2/3/2023,MWTR,SB018N,LFS,87,1,n/a,8.5,10.4,52.4,0.22,1,38.047967,-121.909917
395692,2/3/2023,MWTR,SB018N,LFS,91,1,n/a,8.5,10.4,52.4,0.22,1,38.047967,-121.909917
395692,2/3/2023,MWTR,SB018N,LFS,92,1,n/a,8.5,10.4,52.4,0.22,1,38.047967,-121.909917
395692,2/3/2023,MWTR,SB018N,LFS,102,1,n/a,8.5,10.4,52.4,0.22,1,38.047967,-121.909917
395695,2/3/2023,MWTR,SB018N,LFS,80,1,n/a,8.5,10.06,52.1,0.25,1,38.047967,-121.909917
395695,2/3/2023,MWTR,SB018N,LFS,85,1,n/a,8.5,10.06,52.1,0.25,1,38.047967,-121.909917
395695,2/3/2023,MWTR,SB018N,LFS,89,1,n/a,8.5,10.06,52.1,0.25,1,38.047967,-121.909917
395695,2/3/2023,MWTR,SB018N,LFS,93,1,n/a,8.5,10.06,52.1,0.25,1,38.047967,-121.909917
395698,2/3/2023,MWTR,SB018N,LFS,86,2,n/a,8.6,10.27,55.3,0.25,1,38.047967,-121.909917
395701,2/3/2023,MWTR,SB018M,LFS,76,1,n/a,8.5,9.92,57.9,0.26,1,38.04598,-121.909917
395701,2/3/2023,MWTR,SB018M,LFS,79,1,n/a,8.5,9.92,57.9,0.26,1,38.04598,-121.909917
395701,2/3/2023,MWTR,SB018M,LFS,81,1,n/a,8.5,9.92,57.9,0.26,1,38.04598,-121.909917
395701,2/3/2023,MWTR,SB018M,LFS,82,1,n/a,8.5,9.92,57.9,0.26,1,38.04598,-121.909917
395701,2/3/2023,MWTR,SB018M,LFS,83,1,n/a,8.5,9.92,57.9,0.26,1,38.04598,-121.909917
395701,2/3/2023,MWTR,SB018M,LFS,85,1,n/a,8.5,9.92,57.9,0.26,1,38.04598,-121.909917
395704,2/3/2023,MWTR,SB018M,LFS,78,1,n/a,8.6,10.33,47.7,0.25,1,38.04598,-121.909917
395704,2/3/2023,MWTR,SB018M,LFS,96,1,n/a,8.6,10.33,47.7,0.25,1,38.04598,-121.909917
395705,2/3/2023,MWTR,SB018M,LFS,82,1,n/a,8.6,10.25,46.3,0.24,1,38.04598,-121.909917
395705,2/3/2023,MWTR,SB018M,LFS,90,1,n/a,8.6,10.25,46.3,0.24,1,38.04598,-121.909917
395758,2/6/2023,MWTR,SB018N,LFS,114,1,n/a,8.7,10.91,58.1,0.2,1,38.047967,-121.909917
395759,2/6/2023,MWTR,SB018N,LFS,82,1,n/a,8.7,10.27,63,0.2,1,38.047967,-121.909917
395759,2/6/2023,MWTR,SB018N,LFS,85,1,n/a,8.7,10.27,63,0.2,1,38.047967,-121.909917
395761,2/6/2023,MWTR,SB018N,LFS,77,1,L,8.6,10.5,59.7,0.2,1,38.047967,-121.909917
395761,2/6/2023,MWTR,SB018N,LFS,80,1,n/a,8.6,10.5,59.7,0.2,1,38.047967,-121.909917
395761,2/6/2023,MWTR,SB018N,LFS,87,1,n/a,8.6,10.5,59.7,0.2,1,38.047967,-121.909917
395761,2/6/2023,MWTR,SB018N,LFS,99,1,n/a,8.6,10.5,59.7,0.2,1,38.047967,-121.909917
395763,2/6/2023,MWTR,SB018S,LFS,82,1,n/a,8.7,10.49,53.6,0.28,1,38.04283,-121.909917
395763,2/6/2023,MWTR,SB018S,LFS,84,1,n/a,8.7,10.49,53.6,0.28,1,38.04283,-121.909917
395773,2/6/2023,MWTR,SB018M,LFS,86,1,n/a,8.9,10.8,60.8,0.26,1,38.04598,-121.909917
395773,2/6/2023,MWTR,SB018M,LFS,88,1,n/a,8.9,10.8,60.8,0.26,1,38.04598,-121.909917
395779,2/6/2023,MWTR,SB018M,LFS,86,1,n/a,8.9,10.86,58,0.21,1,38.04598,-121.909917
395784,2/6/2023,MWTR,SB018M,LFS,79,1,L,9,10.25,43.7,0.28,1,38.04598,-121.909917
395784,2/6/2023,MWTR,SB018M,LFS,95,1,n/a,9,10.25,43.7,0.28,1,38.04598,-121.909917
395913,2/8/2023,MWTR,SB018M,LFS,79,1,n/a,8.9,10.09,43.6,0.3,1,38.04598,-121.909917
395913,2/8/2023,MWTR,SB018M,LFS,80,1,n/a,8.9,10.09,43.6,0.3,1,38.04598,-121.909917
395913,2/8/2023,MWTR,SB018M,LFS,89,1,n/a,8.9,10.09,43.6,0.3,1,38.04598,-121.909917
395914,2/8/2023,MWTR,SB018M,LFS,78,1,L,8.8,9.93,38.7,0.29,1,38.04598,-121.909917
395921,2/8/2023,MWTR,SB018M,LFS,77,1,n/a,8.8,9.9,47.2,0.3,1,38.04598,-121.909917
395921,2/8/2023,MWTR,SB018M,LFS,89,1,n/a,8.8,9.9,47.2,0.3,1,38.04598,-121.909917
395930,2/8/2023,MWTR,SB018S,LFS,92,1,n/a,9.1,10.3,35.4,0.32,1,38.04283,-121.909917
395995,2/10/2023,MWTR,SB018N,LFS,75,1,n/a,9.1,10.53,39.1,0.27,1,38.047967,-121.909917
395995,2/10/2023,MWTR,SB018N,LFS,80,1,n/a,9.1,10.53,39.1,0.27,1,38.047967,-121.909917
395995,2/10/2023,MWTR,SB018N,LFS,85,2,n/a,9.1,10.53,39.1,0.27,1,38.047967,-121.909917
395995,2/10/2023,MWTR,SB018N,LFS,91,1,n/a,9.1,10.53,39.1,0.27,1,38.047967,-121.909917
395995,2/10/2023,MWTR,SB018N,LFS,92,1,n/a,9.1,10.53,39.1,0.27,1,38.047967,-121.909917
395996,2/10/2023,MWTR,SB018N,LFS,84,1,n/a,9.1,10.38,41.9,0.3,1,38.047967,-121.909917
395998,2/10/2023,MWTR,SB018N,LFS,75,1,n/a,9,10.27,46,0.29,1,38.047967,-121.909917
395998,2/10/2023,MWTR,SB018N,LFS,83,2,n/a,9,10.27,46,0.29,1,38.047967,-121.909917
396000,2/10/2023,MWTR,SB018M,LFS,80,1,n/a,9.1,10.28,45.4,0.27,1,38.04598,-121.909917
396000,2/10/2023,MWTR,SB018M,LFS,83,1,n/a,9.1,10.28,45.4,0.27,1,38.04598,-121.909917
396004,2/10/2023,MWTR,SB018S,LFS,82,1,n/a,9.3,10.23,40.4,0.32,1,38.04283,-121.909917
396006,2/10/2023,MWTR,SB018S,LFS,75,1,n/a,9.4,10.05,40.6,0.33,1,38.04283,-121.909917
396028,2/12/2023,MWTR,SB018S,LFS,64,1,n/a,9.4,10.82,36.1,0.31,1,38.04283,-121.909917
396028,2/12/2023,MWTR,SB018S,LFS,73,1,n/a,9.4,10.82,36.1,0.31,1,38.04283,-121.909917
396028,2/12/2023,MWTR,SB018S,LFS,81,2,n/a,9.4,10.82,36.1,0.31,1,38.04283,-121.909917
396028,2/12/2023,MWTR,SB018S,LFS,83,1,n/a,9.4,10.82,36.1,0.31,1,38.04283,-121.909917
396028,2/12/2023,MWTR,SB018S,LFS,84,1,n/a,9.4,10.82,36.1,0.31,1,38.04283,-121.909917
396028,2/12/2023,MWTR,SB018S,LFS,106,1,n/a,9.4,10.82,36.1,0.31,1,38.04283,-121.909917
396037,2/12/2023,MWTR,SB018S,LFS,79,1,n/a,9.4,10.33,36.7,0.24,1,38.04283,-121.909917
396037,2/12/2023,MWTR,SB018S,LFS,82,1,n/a,9.4,10.33,36.7,0.24,1,38.04283,-121.909917
396037,2/12/2023,MWTR,SB018S,LFS,84,2,n/a,9.4,10.33,36.7,0.24,1,38.04283,-121.909917
396037,2/12/2023,MWTR,SB018S,LFS,85,1,n/a,9.4,10.33,36.7,0.24,1,38.04283,-121.909917
396037,2/12/2023,MWTR,SB018S,LFS,86,2,n/a,9.4,10.33,36.7,0.24,1,38.04283,-121.909917
396037,2/12/2023,MWTR,SB018S,LFS,91,1,n/a,9.4,10.33,36.7,0.24,1,38.04283,-121.909917
396037,2/12/2023,MWTR,SB018S,LFS,94,1,n/a,9.4,10.33,36.7,0.24,1,38.04283,-121.909917
396037,2/12/2023,MWTR,SB018S,LFS,98,1,n/a,9.4,10.33,36.7,0.24,1,38.04283,-121.909917
396037,2/12/2023,MWTR,SB018S,LFS,101,1,n/a,9.4,10.33,36.7,0.24,1,38.04283,-121.909917
396037,2/12/2023,MWTR,SB018S,LFS,103,1,n/a,9.4,10.33,36.7,0.24,1,38.04283,-121.909917
396037,2/12/2023,MWTR,SB018S,LFS,106,1,n/a,9.4,10.33,36.7,0.24,1,38.04283,-121.909917
396040,2/12/2023,MWTR,SB018S,LFS,75,1,n/a,9.4,10.87,37.6,0.31,1,38.04283,-121.909917
396040,2/12/2023,MWTR,SB018S,LFS,76,1,n/a,9.4,10.87,37.6,0.31,1,38.04283,-121.909917
396040,2/12/2023,MWTR,SB018S,LFS,91,1,n/a,9.4,10.87,37.6,0.31,1,38.04283,-121.909917
396041,2/12/2023,MWTR,SB018M,LFS,72,1,n/a,9.4,10.41,42.1,0.28,1,38.04598,-121.909917
396041,2/12/2023,MWTR,SB018M,LFS,90,1,n/a,9.4,10.41,42.1,0.28,1,38.04598,-121.909917
396041,2/12/2023,MWTR,SB018M,LFS,94,1,n/a,9.4,10.41,42.1,0.28,1,38.04598,-121.909917
396041,2/12/2023,MWTR,SB018M,LFS,95,1,n/a,9.4,10.41,42.1,0.28,1,38.04598,-121.909917
396041,2/12/2023,MWTR,SB018M,LFS,103,1,n/a,9.4,10.41,42.1,0.28,1,38.04598,-121.909917
396042,2/12/2023,MWTR,SB018M,LFS,68,1,n/a,9.5,10.36,37.9,0.27,1,38.04598,-121.909917
396043,2/12/2023,MWTR,SB018M,LFS,73,1,n/a,9.6,10.57,36.1,0.27,1,38.04598,-121.909917
396043,2/12/2023,MWTR,SB018M,LFS,80,1,n/a,9.6,10.57,36.1,0.27,1,38.04598,-121.909917
396044,2/12/2023,MWTR,SB018N,LFS,82,1,n/a,9.6,10.31,36.2,0.26,1,38.047967,-121.909917
396044,2/12/2023,MWTR,SB018N,LFS,84,1,n/a,9.6,10.31,36.2,0.26,1,38.047967,-121.909917
396044,2/12/2023,MWTR,SB018N,LFS,86,1,n/a,9.6,10.31,36.2,0.26,1,38.047967,-121.909917
396044,2/12/2023,MWTR,SB018N,LFS,87,1,n/a,9.6,10.31,36.2,0.26,1,38.047967,-121.909917
396044,2/12/2023,MWTR,SB018N,LFS,93,1,n/a,9.6,10.31,36.2,0.26,1,38.047967,-121.909917
396045,2/12/2023,MWTR,SB018N,LFS,81,1,n/a,9.7,10.38,37.2,0.28,1,38.047967,-121.909917
396045,2/12/2023,MWTR,SB018N,LFS,84,1,n/a,9.7,10.38,37.2,0.28,1,38.047967,-121.909917
396046,2/12/2023,MWTR,SB018N,LFS,96,1,n/a,9.6,10.34,35.9,0.28,1,38.047967,-121.909917
396046,2/12/2023,MWTR,SB018N,LFS,113,1,n/a,9.6,10.34,35.9,0.28,1,38.047967,-121.909917
396047,2/12/2023,MWTR,SB018N,LFS,86,1,n/a,9.5,10.64,43.3,0.23,1,38.047967,-121.909917
396047,2/12/2023,MWTR,SB018N,LFS,107,1,n/a,9.5,10.64,43.3,0.23,1,38.047967,-121.909917
396165,2/14/2023,MWTR,SB018M,LFS,86,1,n/a,9.8,10.86,36.3,0.28,1,38.04598,-121.909917
396166,2/14/2023,MWTR,SB018M,LFS,74,1,n/a,9.8,10.19,44.9,0.48,1,38.04598,-121.909917
396166,2/14/2023,MWTR,SB018M,LFS,77,1,n/a,9.8,10.19,44.9,0.48,1,38.04598,-121.909917
396166,2/14/2023,MWTR,SB018M,LFS,86,1,n/a,9.8,10.19,44.9,0.48,1,38.04598,-121.909917
396166,2/14/2023,MWTR,SB018M,LFS,89,1,n/a,9.8,10.19,44.9,0.48,1,38.04598,-121.909917
396166,2/14/2023,MWTR,SB018M,LFS,90,1,L,9.8,10.19,44.9,0.48,1,38.04598,-121.909917
396166,2/14/2023,MWTR,SB018M,LFS,94,1,n/a,9.8,10.19,44.9,0.48,1,38.04598,-121.909917
396167,2/13/2023,MWTR,SB018S,LFS,78,1,n/a,9.6,10.73,29.9,0.31,1,38.04283,-121.909917
396167,2/13/2023,MWTR,SB018S,LFS,84,1,n/a,9.6,10.73,29.9,0.31,1,38.04283,-121.909917
396167,2/13/2023,MWTR,SB018S,LFS,85,1,n/a,9.6,10.73,29.9,0.31,1,38.04283,-121.909917
396167,2/13/2023,MWTR,SB018S,LFS,91,1,n/a,9.6,10.73,29.9,0.31,1,38.04283,-121.909917
396168,2/14/2023,MWTR,SB018M,LFS,83,1,n/a,9.5,10.76,39.9,0.29,1,38.04598,-121.909917
396169,2/13/2023,MWTR,SB018S,LFS,97,1,n/a,9.6,10.72,33.5,0.32,1,38.04283,-121.909917
396171,2/13/2023,MWTR,SB018S,LFS,76,1,n/a,9.6,10.83,32.9,0.32,1,38.04283,-121.909917
396171,2/13/2023,MWTR,SB018S,LFS,80,1,n/a,9.6,10.83,32.9,0.32,1,38.04283,-121.909917
396171,2/13/2023,MWTR,SB018S,LFS,85,1,n/a,9.6,10.83,32.9,0.32,1,38.04283,-121.909917
396172,2/14/2023,MWTR,SB018S,LFS,66,1,L,9.5,10.35,43.5,0.22,1,38.04283,-121.909917
396172,2/14/2023,MWTR,SB018S,LFS,80,2,n/a,9.5,10.35,43.5,0.22,1,38.04283,-121.909917
396172,2/14/2023,MWTR,SB018S,LFS,94,1,n/a,9.5,10.35,43.5,0.22,1,38.04283,-121.909917
396172,2/14/2023,MWTR,SB018S,LFS,97,1,n/a,9.5,10.35,43.5,0.22,1,38.04283,-121.909917
396173,2/13/2023,MWTR,SB018N,LFS,79,1,n/a,9.7,10.54,39.3,0.25,1,38.047967,-121.909917
396173,2/13/2023,MWTR,SB018N,LFS,80,1,n/a,9.7,10.54,39.3,0.25,1,38.047967,-121.909917
396173,2/13/2023,MWTR,SB018N,LFS,85,2,n/a,9.7,10.54,39.3,0.25,1,38.047967,-121.909917
396173,2/13/2023,MWTR,SB018N,LFS,87,1,n/a,9.7,10.54,39.3,0.25,1,38.047967,-121.909917
396174,2/14/2023,MWTR,SB018S,LFS,80,1,n/a,9.6,10.49,39,0.28,1,38.04283,-121.909917
396174,2/14/2023,MWTR,SB018S,LFS,84,1,n/a,9.6,10.49,39,0.28,1,38.04283,-121.909917
396174,2/14/2023,MWTR,SB018S,LFS,88,1,n/a,9.6,10.49,39,0.28,1,38.04283,-121.909917
396174,2/14/2023,MWTR,SB018S,LFS,89,1,n/a,9.6,10.49,39,0.28,1,38.04283,-121.909917
396174,2/14/2023,MWTR,SB018S,LFS,90,1,L,9.6,10.49,39,0.28,1,38.04283,-121.909917
396175,2/14/2023,MWTR,SB018S,LFS,83,1,n/a,9.6,10.46,33.9,0.29,1,38.04283,-121.909917
396177,2/14/2023,MWTR,SB018S,LFS,63,1,n/a,9.6,10.66,44.8,0.32,1,38.04283,-121.909917
396177,2/14/2023,MWTR,SB018S,LFS,74,1,n/a,9.6,10.66,44.8,0.32,1,38.04283,-121.909917
396179,2/13/2023,MWTR,SB018N,LFS,92,1,n/a,10,10.61,33,0.31,1,38.047967,-121.909917
396181,2/14/2023,MWTR,SB018N,LFS,75,1,L,9.6,10.52,51.8,0.22,1,38.047967,-121.909917
396181,2/14/2023,MWTR,SB018N,LFS,85,2,n/a,9.6,10.52,51.8,0.22,1,38.047967,-121.909917
396181,2/14/2023,MWTR,SB018N,LFS,109,1,n/a,9.6,10.52,51.8,0.22,1,38.047967,-121.909917
396183,2/14/2023,MWTR,SB018N,LFS,77,1,n/a,9.7,10.52,67.1,0.23,1,38.047967,-121.909917
396184,2/13/2023,MWTR,SB018M,LFS,80,1,L,9.8,10.49,31.7,0.38,1,38.04598,-121.909917
396185,2/14/2023,MWTR,SB018N,LFS,79,1,n/a,9.8,10.56,51.2,0.21,1,38.047967,-121.909917
396185,2/14/2023,MWTR,SB018N,LFS,85,1,L,9.8,10.56,51.2,0.21,1,38.047967,-121.909917
396185,2/14/2023,MWTR,SB018N,LFS,89,1,n/a,9.8,10.56,51.2,0.21,1,38.047967,-121.909917
396185,2/14/2023,MWTR,SB018N,LFS,93,1,n/a,9.8,10.56,51.2,0.21,1,38.047967,-121.909917
396187,2/13/2023,MWTR,SB018M,LFS,83,1,n/a,10.2,10.62,31.3,0.36,1,38.04598,-121.909917
396188,2/13/2023,MWTR,SB018M,LFS,71,1,n/a,10.2,10.32,29.7,0.34,1,38.04598,-121.909917
396304,2/16/2023,MWTR,SB018M,LFS,72,1,n/a,9.6,10.88,26.8,0.39,1,38.04598,-121.909917
396304,2/16/2023,MWTR,SB018M,LFS,78,1,n/a,9.6,10.88,26.8,0.39,1,38.04598,-121.909917
396304,2/16/2023,MWTR,SB018M,LFS,85,1,n/a,9.6,10.88,26.8,0.39,1,38.04598,-121.909917
396304,2/16/2023,MWTR,SB018M,LFS,87,1,n/a,9.6,10.88,26.8,0.39,1,38.04598,-121.909917
396304,2/16/2023,MWTR,SB018M,LFS,93,1,n/a,9.6,10.88,26.8,0.39,1,38.04598,-121.909917
396304,2/16/2023,MWTR,SB018M,LFS,100,1,n/a,9.6,10.88,26.8,0.39,1,38.04598,-121.909917
396306,2/16/2023,MWTR,SB018M,LFS,80,1,n/a,9.6,10.89,39.4,0.3,1,38.04598,-121.909917
396306,2/16/2023,MWTR,SB018M,LFS,95,2,n/a,9.6,10.89,39.4,0.3,1,38.04598,-121.909917
396307,2/16/2023,MWTR,SB018M,LFS,80,1,L,9.6,10.78,45.4,0.31,1,38.04598,-121.909917
396307,2/16/2023,MWTR,SB018M,LFS,93,1,n/a,9.6,10.78,45.4,0.31,1,38.04598,-121.909917
396307,2/16/2023,MWTR,SB018M,LFS,97,1,n/a,9.6,10.78,45.4,0.31,1,38.04598,-121.909917
396309,2/16/2023,MWTR,SB018N,LFS,89,1,n/a,9.4,10.92,50.3,0.28,1,38.047967,-121.909917
396309,2/16/2023,MWTR,SB018N,LFS,92,1,n/a,9.4,10.92,50.3,0.28,1,38.047967,-121.909917
396309,2/16/2023,MWTR,SB018N,LFS,96,1,n/a,9.4,10.92,50.3,0.28,1,38.047967,-121.909917
396311,2/16/2023,MWTR,SB018N,LFS,84,1,n/a,9.6,10.81,53.1,0.27,1,38.047967,-121.909917
396311,2/16/2023,MWTR,SB018N,LFS,106,1,n/a,9.6,10.81,53.1,0.27,1,38.047967,-121.909917
396312,2/16/2023,MWTR,SB018S,LFS,84,1,n/a,9.5,10.71,49.6,0.32,1,38.04283,-121.909917
396313,2/16/2023,MWTR,SB018S,LFS,112,1,n/a,9.6,10.87,54,0.33,1,38.04283,-121.909917
396349,2/19/2023,MWTR,SB018S,LFS,74,1,n/a,9.9,9.94,39.8,0.38,1,38.04283,-121.909917
396350,2/19/2023,MWTR,SB018M,LFS,81,1,n/a,9.9,11.37,31.1,0.42,1,38.04598,-121.909917
396350,2/19/2023,MWTR,SB018M,LFS,82,1,n/a,9.9,11.37,31.1,0.42,1,38.04598,-121.909917
396350,2/19/2023,MWTR,SB018M,LFS,100,1,n/a,9.9,11.37,31.1,0.42,1,38.04598,-121.909917
396352,2/19/2023,MWTR,SB018M,LFS,87,1,n/a,9.9,10.05,36.4,0.44,1,38.04598,-121.909917
396352,2/19/2023,MWTR,SB018M,LFS,90,1,n/a,9.9,10.05,36.4,0.44,1,38.04598,-121.909917
396352,2/19/2023,MWTR,SB018M,LFS,92,1,n/a,9.9,10.05,36.4,0.44,1,38.04598,-121.909917
396352,2/19/2023,MWTR,SB018M,LFS,94,1,n/a,9.9,10.05,36.4,0.44,1,38.04598,-121.909917
396354,2/19/2023,MWTR,SB018M,LFS,82,1,n/a,10,10.4,35.8,0.42,1,38.04598,-121.909917
396354,2/19/2023,MWTR,SB018M,LFS,84,1,n/a,10,10.4,35.8,0.42,1,38.04598,-121.909917
396354,2/19/2023,MWTR,SB018M,LFS,85,1,n/a,10,10.4,35.8,0.42,1,38.04598,-121.909917
396354,2/19/2023,MWTR,SB018M,LFS,92,1,n/a,10,10.4,35.8,0.42,1,38.04598,-121.909917
396354,2/19/2023,MWTR,SB018M,LFS,94,1,n/a,10,10.4,35.8,0.42,1,38.04598,-121.909917
396354,2/19/2023,MWTR,SB018M,LFS,95,1,n/a,10,10.4,35.8,0.42,1,38.04598,-121.909917
396357,2/19/2023,MWTR,SB018M,LFS,77,1,n/a,10.1,10.23,35.6,0.35,1,38.04598,-121.909917
396358,2/19/2023,MWTR,SB018N,LFS,73,1,n/a,10.2,10.61,26.2,0.44,1,38.047967,-121.909917
396360,2/19/2023,MWTR,SB018N,LFS,83,1,n/a,10.1,10.49,44.7,0.38,1,38.047967,-121.909917
396366,2/17/2023,MWTR,SB018S,LFS,93,1,n/a,9.6,10.6,31.6,0.35,1,38.04283,-121.909917
396368,2/17/2023,MWTR,SB018S,LFS,84,1,n/a,9.6,11.18,38.2,0.33,1,38.04283,-121.909917
396368,2/17/2023,MWTR,SB018S,LFS,86,1,n/a,9.6,11.18,38.2,0.33,1,38.04283,-121.909917
396371,2/17/2023,MWTR,SB018M,LFS,93,1,n/a,9.6,11.06,37.2,0.38,1,38.04598,-121.909917
396371,2/17/2023,MWTR,SB018M,LFS,98,1,n/a,9.6,11.06,37.2,0.38,1,38.04598,-121.909917
396371,2/17/2023,MWTR,SB018M,LFS,102,1,n/a,9.6,11.06,37.2,0.38,1,38.04598,-121.909917
396373,2/17/2023,MWTR,SB018M,LFS,106,1,n/a,9.6,11.22,34,0.34,1,38.04598,-121.909917
396377,2/17/2023,MWTR,SB018N,LFS,83,1,n/a,9.6,10.57,44.4,0.32,1,38.047967,-121.909917
396377,2/17/2023,MWTR,SB018N,LFS,87,1,n/a,9.6,10.57,44.4,0.32,1,38.047967,-121.909917
396377,2/17/2023,MWTR,SB018N,LFS,94,1,n/a,9.6,10.57,44.4,0.32,1,38.047967,-121.909917
396380,2/17/2023,MWTR,SB018N,LFS,84,1,n/a,9.6,11.06,46.3,0.33,1,38.047967,-121.909917
396380,2/17/2023,MWTR,SB018N,LFS,93,1,n/a,9.6,11.06,46.3,0.33,1,38.047967,-121.909917
396382,2/17/2023,MWTR,SB018N,LFS,84,1,n/a,9.5,10.92,52.3,0.33,1,38.047967,-121.909917
396382,2/17/2023,MWTR,SB018N,LFS,89,1,n/a,9.5,10.92,52.3,0.33,1,38.047967,-121.909917
396382,2/17/2023,MWTR,SB018N,LFS,93,1,n/a,9.5,10.92,52.3,0.33,1,38.047967,-121.909917
396384,2/17/2023,MWTR,SB018N,LFS,88,1,n/a,9.6,11.4,56.4,0.33,1,38.047967,-121.909917
396384,2/17/2023,MWTR,SB018N,LFS,91,1,n/a,9.6,11.4,56.4,0.33,1,38.047967,-121.909917
396451,2/21/2023,MWTR,SB018N,LFS,80,1,n/a,10.2,12.31,60.6,0.46,1,38.047967,-121.909917
396455,2/21/2023,MWTR,SB018S,LFS,78,1,n/a,10.2,10.88,50.9,0.48,1,38.04283,-121.909917
396457,2/21/2023,MWTR,SB018M,LFS,77,1,n/a,10.3,10.71,40.8,0.48,1,38.04598,-121.909917
396520,2/22/2023,MWTR,SB018N,LFS,83,1,n/a,9.9,9.87,62.5,0.28,1,38.047967,-121.909917
396526,2/22/2023,MWTR,SB018M,LFS,83,1,n/a,10,9.82,96,0.32,1,38.04598,-121.909917
396530,2/22/2023,MWTR,SB018S,LFS,93,1,n/a,10,10.05,67.3,0.38,1,38.04283,-121.909917
396601,2/23/2023,MWTR,SB018M,LFS,82,1,n/a,9.7,10.65,47.6,0.38,1,38.04598,-121.909917
396601,2/23/2023,MWTR,SB018M,LFS,85,1,n/a,9.7,10.65,47.6,0.38,1,38.04598,-121.909917
396606,2/23/2023,MWTR,SB018M,LFS,58,1,L,9.3,9.81,73.6,0.29,1,38.04598,-121.909917
396606,2/23/2023,MWTR,SB018M,LFS,80,1,n/a,9.3,9.81,73.6,0.29,1,38.04598,-121.909917
396606,2/23/2023,MWTR,SB018M,LFS,85,1,n/a,9.3,9.81,73.6,0.29,1,38.04598,-121.909917
396610,2/23/2023,MWTR,SB018M,LFS,83,1,n/a,9.6,9.72,64.1,0.31,1,38.04598,-121.909917
396627,2/23/2023,MWTR,SB018N,LFS,83,1,n/a,9.5,9.8,103,0.27,1,38.047967,-121.909917
396669,2/24/2023,MWTR,SB018S,LFS,85,1,n/a,9.5,9.86,60.7,0.38,1,38.04283,-121.909917
396669,2/24/2023,MWTR,SB018S,LFS,97,1,n/a,9.5,9.86,60.7,0.38,1,38.04283,-121.909917
396670,2/24/2023,MWTR,SB018S,LFS,78,1,n/a,9.4,9.55,74.8,0.38,1,38.04283,-121.909917
396670,2/24/2023,MWTR,SB018S,LFS,99,1,n/a,9.4,9.55,74.8,0.38,1,38.04283,-121.909917
396675,2/24/2023,MWTR,SB018N,LFS,90,1,n/a,9.5,9.62,96,0.3,1,38.047967,-121.909917
396676,2/24/2023,MWTR,SB018N,LFS,80,1,n/a,9.4,9.85,110,0.35,1,38.047967,-121.909917
396678,2/24/2023,MWTR,SB018N,LFS,84,1,n/a,9.4,9.7,113,0.24,1,38.047967,-121.909917
396689,2/26/2023,MWTR,SB018N,LFS,81,1,n/a,9.3,10.31,52.8,0.28,1,38.047967,-121.909917
396689,2/26/2023,MWTR,SB018N,LFS,86,1,n/a,9.3,10.31,52.8,0.28,1,38.047967,-121.909917
396689,2/26/2023,MWTR,SB018N,LFS,88,1,n/a,9.3,10.31,52.8,0.28,1,38.047967,-121.909917
396691,2/26/2023,MWTR,SB018N,LFS,92,1,n/a,9.3,9.57,60.9,0.26,1,38.047967,-121.909917
396692,2/26/2023,MWTR,SB018N,LFS,88,1,n/a,9.3,9.4,66.7,0.29,1,38.047967,-121.909917
396692,2/26/2023,MWTR,SB018N,LFS,98,1,n/a,9.3,9.4,66.7,0.29,1,38.047967,-121.909917
396693,2/26/2023,MWTR,SB018M,LFS,91,1,n/a,9.3,9.77,78.3,0.22,1,38.04598,-121.909917
396694,2/26/2023,MWTR,SB018M,LFS,92,1,n/a,9.4,9.65,69.4,0.3,1,38.04598,-121.909917
396694,2/26/2023,MWTR,SB018M,LFS,94,1,n/a,9.4,9.65,69.4,0.3,1,38.04598,-121.909917
396697,2/26/2023,MWTR,SB018M,LFS,74,1,n/a,9.4,9.42,61.5,0.3,1,38.04598,-121.909917
396699,2/26/2023,MWTR,SB018S,LFS,82,1,n/a,9.4,9.78,50,0.28,1,38.04283,-121.909917
396746,2/27/2023,MWTR,SB018S,LFS,82,1,n/a,9.2,10.43,40.5,0.34,1,38.04283,-121.909917
396747,2/27/2023,MWTR,SB018S,LFS,80,1,n/a,9.2,9.72,39.4,0.35,1,38.04283,-121.909917
396747,2/27/2023,MWTR,SB018S,LFS,97,1,n/a,9.2,9.72,39.4,0.35,1,38.04283,-121.909917
396749,2/27/2023,MWTR,SB018S,LFS,85,1,n/a,9.1,9.74,41.7,0.37,1,38.04283,-121.909917
396749,2/27/2023,MWTR,SB018S,LFS,97,1,n/a,9.1,9.74,41.7,0.37,1,38.04283,-121.909917
396756,2/27/2023,MWTR,SB018N,LFS,84,1,n/a,9,9.93,62.5,0.26,1,38.047967,-121.909917
396756,2/27/2023,MWTR,SB018N,LFS,90,1,n/a,9,9.93,62.5,0.26,1,38.047967,-121.909917
396760,2/27/2023,MWTR,SB018N,LFS,78,1,n/a,9,9.7,73.8,0.3,1,38.047967,-121.909917
396760,2/27/2023,MWTR,SB018N,LFS,87,1,n/a,9,9.7,73.8,0.3,1,38.047967,-121.909917
396760,2/27/2023,MWTR,SB018N,LFS,90,1,n/a,9,9.7,73.8,0.3,1,38.047967,-121.909917
396760,2/27/2023,MWTR,SB018N,LFS,95,1,n/a,9,9.7,73.8,0.3,1,38.047967,-121.909917
396763,2/27/2023,MWTR,SB018N,LFS,80,1,n/a,9,10.02,61.7,0.28,1,38.047967,-121.909917
396763,2/27/2023,MWTR,SB018N,LFS,87,1,n/a,9,10.02,61.7,0.28,1,38.047967,-121.909917
396765,2/27/2023,MWTR,SB018M,LFS,78,1,n/a,9.1,9.83,51.9,0.36,1,38.04598,-121.909917
396765,2/27/2023,MWTR,SB018M,LFS,84,1,n/a,9.1,9.83,51.9,0.36,1,38.04598,-121.909917
396768,2/27/2023,MWTR,SB018M,LFS,94,1,n/a,9,9.56,55.5,0.32,1,38.04598,-121.909917
396771,2/27/2023,MWTR,SB018M,LFS,81,1,n/a,9.1,9.6,48.6,0.3,1,38.04598,-121.909917
396813,2/28/2023,MWTR,SB018N,LFS,84,1,n/a,8.9,,35,0.36,1,38.047967,-121.909917
396813,2/28/2023,MWTR,SB018N,LFS,86,1,n/a,8.9,,35,0.36,1,38.047967,-121.909917
396813,2/28/2023,MWTR,SB018N,LFS,95,1,n/a,8.9,,35,0.36,1,38.047967,-121.909917
396813,2/28/2023,MWTR,SB018N,LFS,97,1,n/a,8.9,,35,0.36,1,38.047967,-121.909917
396813,2/28/2023,MWTR,SB018N,LFS,100,1,n/a,8.9,,35,0.36,1,38.047967,-121.909917
396813,2/28/2023,MWTR,SB018N,LFS,101,1,n/a,8.9,,35,0.36,1,38.047967,-121.909917
396814,2/28/2023,MWTR,SB018N,LFS,78,1,n/a,8.8,,55.1,0.34,1,38.047967,-121.909917
396814,2/28/2023,MWTR,SB018N,LFS,93,1,n/a,8.8,,55.1,0.34,1,38.047967,-121.909917
396814,2/28/2023,MWTR,SB018N,LFS,94,1,n/a,8.8,,55.1,0.34,1,38.047967,-121.909917
396814,2/28/2023,MWTR,SB018N,LFS,96,1,n/a,8.8,,55.1,0.34,1,38.047967,-121.909917
396815,2/28/2023,MWTR,SB018N,LFS,80,1,n/a,8.7,,78.3,0.33,1,38.047967,-121.909917
396815,2/28/2023,MWTR,SB018N,LFS,90,1,n/a,8.7,,78.3,0.33,1,38.047967,-121.909917
396815,2/28/2023,MWTR,SB018N,LFS,102,1,n/a,8.7,,78.3,0.33,1,38.047967,-121.909917
396823,2/28/2023,MWTR,SB018M,LFS,76,1,n/a,8.7,,65.2,0.27,1,38.04598,-121.909917
396823,2/28/2023,MWTR,SB018M,LFS,80,1,n/a,8.7,,65.2,0.27,1,38.04598,-121.909917
396826,2/28/2023,MWTR,SB018S,LFS,84,1,n/a,9,,40.2,0.36,1,38.04283,-121.909917
396827,2/28/2023,MWTR,SB018S,LFS,83,1,n/a,9,,42.8,0.39,1,38.04283,-121.909917
396982,3/2/2023,MWTR,SB018S,LFS,77,1,n/a,8.7,12.92,,0.44,1,38.04283,-121.909917
396982,3/2/2023,MWTR,SB018S,LFS,85,1,n/a,8.7,12.92,,0.44,1,38.04283,-121.909917
396982,3/2/2023,MWTR,SB018S,LFS,104,1,n/a,8.7,12.92,,0.44,1,38.04283,-121.909917
396983,3/2/2023,MWTR,SB018S,LFS,82,1,n/a,8.7,12.83,,0.44,1,38.04283,-121.909917
396983,3/2/2023,MWTR,SB018S,LFS,98,1,n/a,8.7,12.83,,0.44,1,38.04283,-121.909917
397007,3/2/2023,MWTR,SB018M,LFS,100,1,n/a,8.8,13.03,,0.37,1,38.04598,-121.909917
397063,3/5/2023,MWTR,SB018N,LFS,91,1,n/a,8.7,10.97,39.3,0.32,1,38.047967,-121.909917
397063,3/5/2023,MWTR,SB018N,LFS,93,1,n/a,8.7,10.97,39.3,0.32,1,38.047967,-121.909917
397064,3/5/2023,MWTR,SB018N,LFS,85,1,n/a,8.5,11.06,41.2,0.32,1,38.047967,-121.909917
397064,3/5/2023,MWTR,SB018N,LFS,102,1,n/a,8.5,11.06,41.2,0.32,1,38.047967,-121.909917
397065,3/5/2023,MWTR,SB018N,LFS,80,1,n/a,8.4,10.85,38.2,0.3,1,38.047967,-121.909917
397065,3/5/2023,MWTR,SB018N,LFS,85,1,n/a,8.4,10.85,38.2,0.3,1,38.047967,-121.909917
397065,3/5/2023,MWTR,SB018N,LFS,90,1,n/a,8.4,10.85,38.2,0.3,1,38.047967,-121.909917
397065,3/5/2023,MWTR,SB018N,LFS,93,2,n/a,8.4,10.85,38.2,0.3,1,38.047967,-121.909917
397065,3/5/2023,MWTR,SB018N,LFS,105,1,n/a,8.4,10.85,38.2,0.3,1,38.047967,-121.909917
397068,3/3/2023,MWTR,SB018N,LFS,77,1,n/a,8.5,11.38,26.1,0.53,1,38.047967,-121.909917
397068,3/3/2023,MWTR,SB018N,LFS,85,1,n/a,8.5,11.38,26.1,0.53,1,38.047967,-121.909917
397070,3/5/2023,MWTR,SB018M,LFS,80,1,n/a,8.5,10.98,35.6,0.36,1,38.04598,-121.909917
397070,3/5/2023,MWTR,SB018M,LFS,84,1,n/a,8.5,10.98,35.6,0.36,1,38.04598,-121.909917
397070,3/5/2023,MWTR,SB018M,LFS,96,1,n/a,8.5,10.98,35.6,0.36,1,38.04598,-121.909917
397072,3/5/2023,MWTR,SB018S,LFS,85,1,n/a,8.8,10.9,36.6,0.37,1,38.04283,-121.909917
397077,3/5/2023,MWTR,SB018S,LFS,98,1,n/a,8.9,10.7,46.2,0.4,1,38.04283,-121.909917
397084,3/3/2023,MWTR,SB018S,LFS,82,1,n/a,9,10.89,21.8,0.53,1,38.04283,-121.909917
397151,3/6/2023,MWTR,SB018M,LFS,94,1,n/a,8.6,11.64,36.7,0.4,1,38.04598,-121.909917
397151,3/6/2023,MWTR,SB018M,LFS,95,1,n/a,8.6,11.64,36.7,0.4,1,38.04598,-121.909917
397151,3/6/2023,MWTR,SB018M,LFS,97,1,n/a,8.6,11.64,36.7,0.4,1,38.04598,-121.909917
397151,3/6/2023,MWTR,SB018M,LFS,113,1,n/a,8.6,11.64,36.7,0.4,1,38.04598,-121.909917
397154,3/6/2023,MWTR,SB018M,LFS,93,1,n/a,8.5,11.91,39.2,0.4,1,38.04598,-121.909917
397155,3/6/2023,MWTR,SB018M,LFS,79,1,n/a,8.6,11.62,33.6,0.37,1,38.04598,-121.909917
397158,3/6/2023,MWTR,SB018N,LFS,79,1,n/a,8.8,11.86,48,0.34,1,38.047967,-121.909917
397160,3/6/2023,MWTR,SB018N,LFS,81,1,n/a,8.6,11.65,44.9,0.36,1,38.047967,-121.909917
397160,3/6/2023,MWTR,SB018N,LFS,82,1,n/a,8.6,11.65,44.9,0.36,1,38.047967,-121.909917
397160,3/6/2023,MWTR,SB018N,LFS,86,1,n/a,8.6,11.65,44.9,0.36,1,38.047967,-121.909917
397224,3/7/2023,MWTR,SB018M,LFS,78,1,n/a,8.9,11.61,33.3,0.4,1,38.04598,-121.909917
397224,3/7/2023,MWTR,SB018M,LFS,82,1,n/a,8.9,11.61,33.3,0.4,1,38.04598,-121.909917
397224,3/7/2023,MWTR,SB018M,LFS,93,1,n/a,8.9,11.61,33.3,0.4,1,38.04598,-121.909917
397228,3/7/2023,MWTR,SB018M,LFS,85,1,n/a,8.6,11.7,44.3,0.4,1,38.04598,-121.909917
397228,3/7/2023,MWTR,SB018M,LFS,90,1,n/a,8.6,11.7,44.3,0.4,1,38.04598,-121.909917
397228,3/7/2023,MWTR,SB018M,LFS,94,1,n/a,8.6,11.7,44.3,0.4,1,38.04598,-121.909917
397228,3/7/2023,MWTR,SB018M,LFS,96,1,n/a,8.6,11.7,44.3,0.4,1,38.04598,-121.909917
397232,3/7/2023,MWTR,SB018M,LFS,91,1,n/a,8.7,11.55,39,0.36,1,38.04598,-121.909917
397236,3/7/2023,MWTR,SB018N,LFS,76,1,n/a,8.6,12.1,36.1,0.39,1,38.047967,-121.909917
397236,3/7/2023,MWTR,SB018N,LFS,83,1,n/a,8.6,12.1,36.1,0.39,1,38.047967,-121.909917
397236,3/7/2023,MWTR,SB018N,LFS,90,1,n/a,8.6,12.1,36.1,0.39,1,38.047967,-121.909917
397239,3/7/2023,MWTR,SB018N,LFS,81,1,n/a,8.7,12.06,36.4,0.37,1,38.047967,-121.909917
397242,3/7/2023,MWTR,SB018N,LFS,92,1,n/a,8.8,11.46,41.7,0.34,1,38.047967,-121.909917
397369,3/9/2023,MWTR,SB018M,LFS,83,1,n/a,9.1,12.66,32.5,0.44,1,38.04598,-121.909917
397369,3/9/2023,MWTR,SB018M,LFS,89,1,n/a,9.1,12.66,32.5,0.44,1,38.04598,-121.909917
397386,3/9/2023,MWTR,SB018S,LFS,113,1,n/a,9.3,11.58,32.1,0.49,1,38.04283,-121.909917
397395,3/10/2023,MWTR,SB018N,LFS,107,1,n/a,9.2,11.81,45.5,0.41,1,38.047967,-121.909917
397400,3/10/2023,MWTR,SB018S,LFS,93,1,n/a,9.4,,46.4,0.39,1,38.04283,-121.909917
397402,3/10/2023,MWTR,SB018S,LFS,87,1,n/a,9.4,11.49,36.9,0.4,1,38.04283,-121.909917
397403,3/12/2023,MWTR,SB018S,LFS,85,1,n/a,9.8,12.59,22.6,0.46,1,38.04283,-121.909917
397535,3/13/2023,MWTR,SB018S,LFS,85,1,n/a,10.1,12.3,28,0.42,1,38.04283,-121.909917
397535,3/13/2023,MWTR,SB018S,LFS,98,1,n/a,10.1,12.3,28,0.42,1,38.04283,-121.909917
397608,3/15/2023,MWTR,SB018S,LFS,76,1,n/a,10.4,23.5,40.2,0.28,1,38.04283,-121.909917
397608,3/15/2023,MWTR,SB018S,LFS,86,1,n/a,10.4,23.5,40.2,0.28,1,38.04283,-121.909917
397608,3/15/2023,MWTR,SB018S,LFS,90,1,n/a,10.4,23.5,40.2,0.28,1,38.04283,-121.909917
397608,3/15/2023,MWTR,SB018S,LFS,92,1,n/a,10.4,23.5,40.2,0.28,1,38.04283,-121.909917
397609,3/15/2023,MWTR,SB018S,LFS,83,1,n/a,10.3,22.5,54.9,0.23,1,38.04283,-121.909917
397609,3/15/2023,MWTR,SB018S,LFS,87,2,n/a,10.3,22.5,54.9,0.23,1,38.04283,-121.909917
397609,3/15/2023,MWTR,SB018S,LFS,101,1,n/a,10.3,22.5,54.9,0.23,1,38.04283,-121.909917
397609,3/15/2023,MWTR,SB018S,LFS,110,1,n/a,10.3,22.5,54.9,0.23,1,38.04283,-121.909917
397610,3/15/2023,MWTR,SB018S,LFS,89,1,n/a,10.7,25.4,54.9,0.23,1,38.04283,-121.909917
397611,3/15/2023,MWTR,SB018M,LFS,80,1,L,10.6,23.2,57,0.26,1,38.04598,-121.909917
397611,3/15/2023,MWTR,SB018M,LFS,92,1,L,10.6,23.2,57,0.26,1,38.04598,-121.909917
397688,3/16/2023,MWTR,SB018N,LFS,91,1,n/a,10.2,11.92,33.2,0.38,1,38.047967,-121.909917
397689,3/16/2023,MWTR,SB018N,LFS,90,3,n/a,10.5,11.74,39.5,0.35,1,38.047967,-121.909917
397691,3/16/2023,MWTR,SB018N,LFS,94,1,n/a,10.7,11.92,39.2,0.39,1,38.047967,-121.909917
397692,3/16/2023,MWTR,SB018M,LFS,89,1,n/a,10.7,11.88,38.9,0.44,1,38.04598,-121.909917
397695,3/16/2023,MWTR,SB018S,LFS,92,1,n/a,10.8,11.96,46.2,0.4,1,38.04283,-121.909917
397695,3/16/2023,MWTR,SB018S,LFS,95,1,n/a,10.8,11.96,46.2,0.4,1,38.04283,-121.909917
397695,3/16/2023,MWTR,SB018S,LFS,102,1,n/a,10.8,11.96,46.2,0.4,1,38.04283,-121.909917
397696,3/16/2023,MWTR,SB018S,LFS,90,1,n/a,10.9,11.93,37.2,0.36,1,38.04283,-121.909917
397696,3/16/2023,MWTR,SB018S,LFS,97,1,n/a,10.9,11.93,37.2,0.36,1,38.04283,-121.909917
397739,3/17/2023,MWTR,SB018N,LFS,89,1,n/a,11,9.09,83.4,0.22,1,38.047967,-121.909917
397739,3/17/2023,MWTR,SB018N,LFS,100,1,n/a,11,9.09,83.4,0.22,1,38.047967,-121.909917
397741,3/17/2023,MWTR,SB018N,LFS,90,1,n/a,11,9.16,75,0.2,1,38.047967,-121.909917
397741,3/17/2023,MWTR,SB018N,LFS,94,1,L,11,9.16,75,0.2,1,38.047967,-121.909917
397748,3/17/2023,MWTR,SB018S,LFS,85,1,n/a,10,10.09,49.4,0.26,1,38.04283,-121.909917
397751,3/17/2023,MWTR,SB018S,LFS,81,1,L,11.3,9.22,38.1,0.33,1,38.04283,-121.909917
397752,3/17/2023,MWTR,SB018S,LFS,100,1,n/a,11.3,9.75,41.9,0.35,1,38.04283,-121.909917
397761,3/19/2023,MWTR,SB018M,LFS,84,1,n/a,12,8.5,84.8,0.19,1,38.04598,-121.909917
397767,3/19/2023,MWTR,SB018M,LFS,87,1,n/a,11.9,9.56,69.2,0.2,1,38.04598,-121.909917
397770,3/19/2023,MWTR,SB018N,LFS,100,1,n/a,12.1,8.4,87.4,0.18,1,38.047967,-121.909917
397772,3/19/2023,MWTR,SB018N,LFS,85,1,n/a,12,9.01,82.4,0.28,1,38.047967,-121.909917
397773,3/19/2023,MWTR,SB018N,LFS,98,1,n/a,12,8.66,79.5,0.27,1,38.047967,-121.909917
397892,3/20/2023,MWTR,SB018S,LFS,93,1,n/a,12.3,9.55,54.4,0.24,1,38.04283,-121.909917
397892,3/20/2023,MWTR,SB018S,LFS,95,1,n/a,12.3,9.55,54.4,0.24,1,38.04283,-121.909917
397893,3/20/2023,MWTR,SB018S,LFS,95,1,n/a,12.4,9.81,40.7,0.27,1,38.04283,-121.909917
397947,3/21/2023,MWTR,SB018N,LFS,96,1,n/a,11.5,10.57,147,0.09,1,38.047967,-121.909917
398071,3/26/2023,MWTR,SB018S,LFS,87,1,n/a,11.6,11.82,47.7,0.21,1,38.04283,-121.909917
398074,3/26/2023,MWTR,SB018S,LFS,86,1,n/a,11.7,10.62,48.1,0.45,1,38.04283,-121.909917
398074,3/26/2023,MWTR,SB018S,LFS,92,1,n/a,11.7,10.62,48.1,0.45,1,38.04283,-121.909917
398090,3/26/2023,MWTR,SB018N,LFS,89,1,n/a,11.4,11.65,64.3,0.43,1,38.047967,-121.909917
398169,3/27/2023,MWTR,SB018M,LFS,92,1,n/a,11.7,10.73,44.6,0.27,1,38.04598,-121.909917
398186,3/27/2023,MWTR,SB018N,LFS,86,1,n/a,11.3,9.53,66.2,0.28,1,38.047967,-121.909917
398263,3/28/2023,MWTR,SB018N,LFS,90,1,n/a,11.9,9.9,41.4,0.3,1,38.047967,-121.909917
398263,3/28/2023,MWTR,SB018N,LFS,93,1,n/a,11.9,9.9,41.4,0.3,1,38.047967,-121.909917
398358,3/30/2023,MWTR,SB018M,LFS,87,1,n/a,11.5,8.93,29.1,0.42,1,38.04598,-121.909917
398361,3/30/2023,MWTR,SB018N,LFS,97,1,n/a,11.6,10.04,30.7,0.45,1,38.047967,-121.909917
398364,3/30/2023,MWTR,SB018S,LFS,89,1,n/a,12,8.95,31.8,0.49,1,38.04283,-121.909917
398404,3/31/2023,MWTR,SB018M,LFS,95,1,n/a,11.6,10.53,28.4,0.5,1,38.04598,-121.909917
398415,3/28/2023,MWTR,SB018M,LFS,87,1,n/a,11.9,9.07,45.7,0.33,1,38.04598,-121.909917
398424,4/2/2023,MWTR,SB018M,LFS,100,1,n/a,11.6,10.5,35,0.51,1,38.04598,-121.909917
398469,4/3/2023,MWTR,SB018M,LFS,104,1,n/a,11.4,11.57,58.5,0.4,1,38.04598,-121.909917
398474,4/3/2023,MWTR,SB018N,LFS,90,1,n/a,10.9,10.73,62.1,0.37,1,38.047967,-121.909917
398474,4/3/2023,MWTR,SB018N,LFS,92,1,n/a,10.9,10.73,62.1,0.37,1,38.047967,-121.909917
398709,4/7/2023,MWTR,SB018M,LFS,94,1,n/a,12.5,10.05,34.3,0.53,1,38.04598,-121.909917
398963,4/14/2023,MWTR,SB018N,LFS,91,1,n/a,14,9.62,22,0.66,1,38.047967,-121.909917
399777,5/8/2023,MWTR,SB018M,LFS,110,1,n/a,15.3,8.98,26.9,0.75,1,38.04598,-121.909917
